,0.255,0.855,0.455,1.255,0.705,0.805,0.105,0.205,0.555,1.205,1.005,0.505,0.005,0.755,0.055,1.355,0.955,0.905,0.355,1.105,0.605,1.305,1.055,0.655,1.155,0.405,0.305,0.155
4.85,0.6792950745766223,0.022882833258413428,0.6568210985320542,0.006529366887775231,0.5722408311882923,0.4288193151565264,0.6864312413815553,0.6822397807870036,0.6351456166341104,0.006693782270088597,0.0091931367617038,0.6467517577208184,0.6878163668996379,0.5289151364864266,0.6870103032117039,0.005867587199519731,0.011658484007715162,0.01377658003863094,0.6703746910466705,0.008100622528200091,0.6202525849677305,0.005995503014257814,0.008763263241845114,0.6006012754012849,0.00739191019567122,0.6640710121968512,0.6751699616697387,0.6848165687204864
4.1,0.6374658875721447,0.017892981738759778,0.6092200178315315,0.006697300653465662,0.4922080506745275,0.03318499879712536,0.6461089405763802,0.6412716471094791,0.5825026955684459,0.00724132100995005,0.010146351960441169,0.5974453289080973,0.6473414395406487,0.40711422793864666,0.6470724953900817,0.005914352220803037,0.011111171498616802,0.013679006548342944,0.6265791610121514,0.00812008590009022,0.5620950529668473,0.006288147927553497,0.008929054734446197,0.5345744344524281,0.007928882533853536,0.6190632585187072,0.6324786237046298,0.6440584688235448
2.15,0.3874867633736764,0.012764161834455102,0.2969964223622635,0.007833940715947164,0.019342011658148767,0.015086889013911827,0.4081775832491482,0.3967617969108832,0.11982552401079967,0.007842306541672405,0.009737289673494694,0.24409604364188586,0.4117942457839677,0.015107226006382238,0.4108733546689719,0.007171923739167758,0.010996721358169046,0.011541975516459108,0.35640944760463794,0.008840285391947032,0.034018087385623334,0.006914364707594669,0.008523768793414781,0.024743438408762208,0.008901829715223686,0.33331194919557106,0.3748744529239301,0.40345257907780985
3.35,0.577123728239253,0.014571986127878698,0.541378694758514,0.007179179448055907,0.3309358373890316,0.01911998312146619,0.5882320242994411,0.5823222835008346,0.5029931661092291,0.007468921823040734,0.009571344249059269,0.5248261656745229,0.5902610496335022,0.03597645082178029,0.5895146457568842,0.006717670160956459,0.010707452263924402,0.012852665038682343,0.5635691447832433,0.008685410416947757,0.4726015295504239,0.0064826913779529455,0.008892151038295932,0.425382343846256,0.007549673382978781,0.5539800600264216,0.5718229106545074,0.5855374392240907
2.4,0.4458053875441225,0.0130396822501728,0.3806881131417613,0.007911077699273966,0.02285646643875988,0.01504914412307961,0.462673085790887,0.4533509342761247,0.28908630658600315,0.0077959506423506296,0.010451872649723424,0.3456021220567919,0.46583877124472,0.017217781929527044,0.464918231273064,0.006840017922713168,0.009948230631683512,0.01198468145284265,0.4213462864299604,0.008849444843214089,0.15922520609484714,0.0070575881884146294,0.00916478526370284,0.03466248432570555,0.008154503338030826,0.4049132349817188,0.4353746727426621,0.4588835071508904
2.3,0.42444336848655373,0.01286984317578157,0.3517916035580934,0.007461351874544915,0.020053350210387483,0.014990899939794312,0.4425758674007387,0.4327148823687642,0.2424957602194097,0.007818601141280895,0.01034250126774559,0.31052398947688464,0.4459054846077473,0.016862819924381652,0.4448021215274998,0.0069511443259112505,0.01004850667121602,0.011884126992271564,0.3990111814577637,0.008888821209720862,0.07325975727492293,0.007402919061631943,0.0092798612620766,0.02629782987054113,0.008249580367343587,0.3782420865499255,0.4133416682704187,0.4382962770073749
3.8,0.616233565998328,0.01660510522648594,0.5857163711551119,0.006817792260571775,0.44412064443447496,0.024959659107666628,0.6252845478299395,0.6198844435829756,0.554593192299015,0.006773843038730618,0.009835000438519856,0.5723870050932477,0.6272736158189444,0.3026214865622165,0.6266549811592353,0.006242148245004111,0.01173763617501814,0.01321928906159003,0.6044845107946899,0.007959354931245374,0.532121861783882,0.006182066612615897,0.009112274614552815,0.4982789593419416,0.007417310679023295,0.5961959584374183,0.6101406174961157,0.623456701296669
2.2,0.3998571919610893,0.012757997555250956,0.3178744953226686,0.007681642787681364,0.0187415398696614,0.014867141445458481,0.42008420259333695,0.40953612441760573,0.17119778743369368,0.008492476703102278,0.009233510014600968,0.2692883728482438,0.4237817105874952,0.016206975683379938,0.42301629921142175,0.006821107482815788,0.010954178096939072,0.011700927617339471,0.3712411216459993,0.009721956437609909,0.04320465345329694,0.006874394863630216,0.009546720968479585,0.024534128757911118,0.008414047180996486,0.34864849935406805,0.3881378018050018,0.4157664350572069
4.25,0.6468757610745262,0.017187475489951587,0.6203773503035904,0.007020639300348651,0.5121367946909351,0.04057581327320665,0.6551020274382061,0.6502609046059475,0.5946125904840013,0.00674471893173055,0.009718745850044045,0.6084350645924289,0.6566244451968469,0.4405922869979692,0.656263398053104,0.0058859575995743275,0.011263879806955856,0.0143370902123421,0.6363081111898892,0.008034648685374374,0.5764518715138831,0.006388001255418175,0.008653022174744259,0.5504851907266722,0.008062307319607494,0.6289574176745362,0.6421226686708197,0.6529506605914529
4.35,0.6528181848123595,0.01768683252117521,0.6271474020501749,0.006826662478672418,0.5240628818650961,0.05133823083203742,0.6608731186509839,0.6564204700789198,0.6022818895267249,0.006887474260835582,0.010199349144391894,0.6158602638132602,0.661718549711093,0.4593909769264835,0.6620330942766065,0.0062663375960163295,0.011052328477741385,0.01312221729718555,0.6426958615612984,0.0072298323556661106,0.5839274003482794,0.006448343293686144,0.009527269434551613,0.559249007728666,0.00764090048578111,0.635807519631214,0.6483985580541931,0.6588136859917931
3.5,0.5912258468274869,0.01575840224455469,0.5571626254919699,0.006841327065757581,0.37618235852767706,0.021174826089297227,0.6014598696228228,0.5959999747921907,0.5225510524086234,0.0071915772748474905,0.01058423235145712,0.5427573972563017,0.6033327710761253,0.05737276873087719,0.6028888445462447,0.006029546440515346,0.010579288457255429,0.012945792345098165,0.5788283417985122,0.008161664769845825,0.4941223867772062,0.006755506006912871,0.00874511878149577,0.4522587287514446,0.007572093796399561,0.5692074091688321,0.5854132913832241,0.5992818954066893
2.8,0.5128331976554843,0.013371562842805579,0.4651519434595394,0.007760888077554291,0.03771812387603318,0.01599656428682436,0.5265651432857513,0.5187312334019755,0.4082915603950085,0.007612994835495003,0.010401873316022648,0.4416199765853436,0.5289759633560228,0.0212294887031736,0.5283994065394559,0.006640273062192796,0.01035334048247467,0.011947984535337791,0.4950434857858425,0.008590614270285865,0.3568072754558939,0.006892161834100575,0.009171994006925404,0.2525010209337011,0.008279066474109179,0.4824699666659088,0.5053976209241114,0.5237539435000838
2.95,0.5333049867205504,0.014501027262008527,0.4885256751324775,0.007610972014334534,0.06682720781131989,0.01708511246732745,0.5460917684924989,0.5390092361522142,0.4389937658385646,0.008176874359212409,0.010365097326643898,0.4678128247155884,0.5482489617106377,0.02464931905978093,0.5474224303232663,0.006456264481085553,0.011105137242947786,0.01321753478392133,0.5167620245264498,0.008358755687649455,0.3953700449262368,0.006993567935911372,0.009053187720157565,0.31715238422046826,0.007709994553869764,0.5047322677830657,0.5259226925695288,0.5433431686739224
1.45,0.020381482569401244,0.01162807667227846,0.018739431024537324,0.007851090073115394,0.013696147996412193,0.01195143588078259,0.01739192417914951,0.02035086848216609,0.015779997024223582,0.008240893089475988,0.010127158845596252,0.016797573588689784,0.004141030910726424,0.012569024973900042,0.013710576657507577,0.007326247874710033,0.010142276043358508,0.011253761187163836,0.01970219786416459,0.0093909934824018,0.014605010969107884,0.007909338274781456,0.009347611243438764,0.013937161727544636,0.008933171500043293,0.0187306399026809,0.020057950150782503,0.019418434077526168
2.05,0.35742897179682953,0.012698607978271182,0.2543540750909272,0.007410604033468028,0.017413394688339464,0.01296272682838196,0.3807948360680843,0.368312620049803,0.054100263424045086,0.007536514806282087,0.009928495355089963,0.17120150738573445,0.3850459863934375,0.0169904913556616,0.38366923603358255,0.006918185538880243,0.01058469223745302,0.011651710105274531,0.3241775908156822,0.008877286338518883,0.028383857061569,0.00748356821894776,0.009396018789607902,0.020043544399590912,0.008588401820500366,0.29570654783165007,0.3433891768486357,0.3758194933708232
1.55,0.03660118761460017,0.011863991104770705,0.020674743648036488,0.007863184581102887,0.014739683029258375,0.013432827147927972,0.10357059502354593,0.049963397904907565,0.0178378484105328,0.007930421625645313,0.009728345751967295,0.018995892763243767,0.12801503528554134,0.012842712619747159,0.12128277217956066,0.007370023975006217,0.009635624221373826,0.011376743967933426,0.025127535435949682,0.009228709468321059,0.016269834223791146,0.007520293440132634,0.009513292528724416,0.015029774236732784,0.009050909998976515,0.022328469337469903,0.03009874999302394,0.07440050466172632
2.45,0.4551225261288658,0.013451226302420795,0.3921757236180519,0.007151324486887041,0.022956587793985496,0.015381920078107363,0.4721027050010949,0.4635205924289021,0.3082693285578286,0.007640929796575187,0.010593959196852841,0.3600857339683957,0.4749457545122584,0.017852008822875354,0.4741535589025231,0.006593034488813083,0.011776204079966593,0.011615745126836576,0.4329900069341778,0.00859069508413062,0.20600046540074687,0.007076823771016855,0.009445196877666337,0.037854462149636836,0.008135586650405192,0.4160641092841923,0.4461894931810408,0.4685624781211098
3.2,0.5624514197805074,0.014900016435243631,0.5237102615042293,0.007599427113927975,0.2647704895545635,0.018761406704359787,0.573807562050667,0.5675298746341264,0.4811969869071355,0.007139678839359464,0.009961418926814932,0.506050025683922,0.5757161499100408,0.03042651668672592,0.5753770412916639,0.006313322464793231,0.011247166328881708,0.011851533625555405,0.5476985233790144,0.008298409291057594,0.4476052269681482,0.006771414962382755,0.009143708928126113,0.3911583398098415,0.007733962235052359,0.5367028555665121,0.5565174179855921,0.5711885609818058
4.75,0.674579061729635,0.02079435276928691,0.6511342592968794,0.0063442192334012635,0.5640960687885319,0.3983779778374349,0.6816290933992857,0.6770979071274016,0.6292572877987925,0.006720735533494608,0.010072952623860695,0.6410495641629264,0.6829215330084438,0.5171870088765733,0.6826542589460279,0.005901204264609429,0.01149988242038771,0.01452425081984394,0.6653988206872635,0.007719254129566708,0.6135051951010265,0.005765613660326565,0.008505927073755358,0.5932125465521058,0.0074401283320656405,0.6586283526526748,0.6701301320268731,0.6798976208255041
2.35,0.4357229927600606,0.01200196240842286,0.3660262752550341,0.007925803933119435,0.02022117398562214,0.015068504324114253,0.4533518868405528,0.44344680684854587,0.26720967858416794,0.007398788113575766,0.00960087410090661,0.32738158445507204,0.4561068805030754,0.017326082547416948,0.455561435898374,0.006817594523631576,0.01115476243657645,0.012068731067558656,0.41130797789549184,0.008313878029933275,0.1098551770169137,0.0072025379574435465,0.00935356823218631,0.03044235671450405,0.008285808431857312,0.3919655975238557,0.4247445722885087,0.44915523668333823
4.6,0.6668399143859154,0.021315053891565232,0.6425966904127431,0.006669524026903034,0.5499904865933957,0.3242613406184827,0.6743971019950108,0.6700473190136461,0.6192815587934124,0.007055978308856066,0.0101191318704837,0.6326176024707176,0.675782995591786,0.4976722517692824,0.6753192842776884,0.005966700675869478,0.01125389399331078,0.013363774339559526,0.657158202683782,0.007805848291903122,0.6023294743444042,0.005919908215891718,0.00937312787781572,0.5805283227543768,0.007189339379909295,0.650623065587698,0.662060583539095,0.6722776508821704
4.45,0.6586165931634091,0.019581066500992263,0.6337322760408234,0.006456511629284467,0.5345159220194984,0.08334095746113936,0.6664614150342879,0.6620586556446332,0.6097182285345928,0.00722841657929241,0.009832554018654844,0.6227684674370086,0.6678652021937038,0.4748951535920861,0.6674745474797307,0.00603006157761675,0.011682059289039405,0.0140658323495575,0.6479219986904925,0.008152810742524729,0.5924385395062044,0.006373509570669506,0.008984118524500706,0.5687387479706572,0.0073632812357423425,0.6418874546879003,0.6544048803128754,0.6641851964758078
1.2,0.012495960019584236,0.010889305938966764,0.013119390582546976,0.008450443125173825,0.012797765189754194,0.012453706535104041,0.008485222800438084,0.011277289025382364,0.014031247858597927,0.008468147668309828,0.010579533002688088,0.014160022648347025,0.001798195123995063,0.012367446738277148,0.006196902483731874,0.0076688200716361656,0.010521142896835443,0.010712316210348773,0.013707490663331929,0.009506341251805252,0.013257009305311514,0.00760535044004661,0.009103327573370141,0.013664756606154415,0.008801511179678987,0.013806732948423543,0.012637010893886686,0.009508654644714462
3.75,0.6124685154673571,0.016218361966831043,0.5816485435932485,0.0066562973137087676,0.4345213571534989,0.021687650910176125,0.6216550677853113,0.6160558627140027,0.5494330849795475,0.006981461819306362,0.009905409170736285,0.5680332675413937,0.6235326074363847,0.2782107214060426,0.6225598533006704,0.006357814598394041,0.01126617371234013,0.013602465281700449,0.6003573068252134,0.008296784554675566,0.5262519846962245,0.006475312453568619,0.008547967534200094,0.4916939574444629,0.008154119510992345,0.5919948779083855,0.6070514427093934,0.6195542864724327
4.2,0.6435752372766897,0.018008632180365566,0.61683688619157,0.0069312119288449155,0.5048527441681306,0.03688276131828621,0.6521153432795298,0.6471304850371786,0.5904829687410399,0.007537583243591437,0.010261817917501108,0.6050160426312261,0.6533362080806638,0.43034475836326375,0.6530469624413059,0.0060791802283247775,0.011613522254452705,0.012867160139166495,0.6334028014581738,0.008183047429364425,0.5714678040850153,0.006428503717930057,0.00823621084477793,0.5454327378535088,0.007629392623683817,0.6258007602826607,0.6390921752426362,0.6497632808379498
3.05,0.5451641368564738,0.014899950225271776,0.5028243093150178,0.007588706739362367,0.13112663390910462,0.01656168718646751,0.5576095562890573,0.5508837241448071,0.4575043364527298,0.007585109332456298,0.0099993846059571,0.48381481368513896,0.5598840482378815,0.02474154497339159,0.5594081786738379,0.006634001568637888,0.011085147856696202,0.012115958253652198,0.5291292538400689,0.00855660846057329,0.4181338909487848,0.007011868104148671,0.008965888965887944,0.3509832057521641,0.008297713838504386,0.5185312677324723,0.5390014294296124,0.5547493664323437
2.75,0.5060750047764948,0.013786732813624832,0.4563307200246641,0.007038096886813034,0.03286124984082833,0.01561758382452418,0.5198889745716166,0.5120455032822487,0.3967435588203155,0.007934745137937306,0.009795617509011256,0.4313458467860867,0.5224790243239049,0.01903458436266675,0.5215609286554345,0.0067723713751975615,0.011422832774684644,0.011845245446706277,0.4875172905636865,0.00903590045842948,0.3401953203749736,0.006553670974853862,0.009306513659097928,0.2189832169183596,0.008069997083506097,0.4750950921535347,0.4973082287764973,0.5161530217964492
3.25,0.5672007676417207,0.014220582763222163,0.529558202855717,0.006995171245215072,0.2889588684046265,0.0185958406262004,0.5785992947061093,0.5721400989470439,0.4891632771728244,0.007395835451938491,0.01021291098857484,0.5121741264864449,0.5802464535137333,0.035436823860902536,0.5803123349884258,0.006117142541215004,0.011300759104629285,0.012418986224108985,0.5529836650594271,0.00895152619888399,0.4553573753244575,0.006630880402407155,0.009179099015475315,0.4035044393947403,0.007880200220501565,0.5432837683112928,0.5612953196491555,0.5763296359103764
3.4,0.5823247656170131,0.017268854270728624,0.5468327641262603,0.006806617622642994,0.34708095341108197,0.020367327579766725,0.5928580936038552,0.5870229736968245,0.5089829637877746,0.007541805106465789,0.009676112672120887,0.5304668884856365,0.5949851256438704,0.04092053302671644,0.5943930050295325,0.006361576805699504,0.010475219020116071,0.01323298557554918,0.5690397749843212,0.00868508634894696,0.4794201359574641,0.006869288861019728,0.009678027234894946,0.4351645972916615,0.007870362821481248,0.5592849349807154,0.576997220273627,0.5908598191931149
1.4,0.01887663919609102,0.011595556041391107,0.017181230732143837,0.00784455020022229,0.013373111785170384,0.011379232713450569,0.014095048810203644,0.016965401218905458,0.015372606177057047,0.008469040868679969,0.009404293896619688,0.014494576317020634,0.00318731019370566,0.0123490235531209,0.01067713560779067,0.007127809411103794,0.010652982294313171,0.011454521442303304,0.01778729716605969,0.009606993008156234,0.014691321422154437,0.00798908613953097,0.009218670104281951,0.01371042930561946,0.009339016248671254,0.017385320433643374,0.019018992984765327,0.015466393648001682
1.35,0.015735508840833873,0.011252686451201328,0.015840982690750908,0.007943996767842333,0.012838704881878335,0.011103771098158077,0.012562243040710524,0.015203980528328163,0.014448927223897269,0.008678702412390884,0.00979379523518214,0.014880792843839837,0.0027525966312359905,0.012468064409584027,0.008281684739279406,0.007269154947458199,0.010321195121383004,0.010961563101280622,0.01549068928697409,0.008453448232555104,0.014117399489465722,0.007632148958891779,0.010328670214284071,0.013362465388106315,0.00853491480329755,0.014955830494068872,0.0163249857006853,0.0133826969339601
1.6,0.07711559882317015,0.011621351060353387,0.021928910534647145,0.00786069155139699,0.014216752938308826,0.012477738717724366,0.16618750865359844,0.12186900240752513,0.019107202987324243,0.008111861226712726,0.01040892181719816,0.018765572147522915,0.17842934411863762,0.01384038764186103,0.1755707844424278,0.006862957030410831,0.011243092567057465,0.010978857890018172,0.03476870558608191,0.008811168598946859,0.017074532513156652,0.007803062079287253,0.009164172272936949,0.01535380861480052,0.008761839141978124,0.028419151653071562,0.045209435514220346,0.15015808519403032
4.0,0.6301170117328766,0.016892749564017918,0.6018058494203955,0.0068423894826587384,0.4780270967802216,0.027783976419866574,0.6393498624223743,0.6343838626635201,0.5740935698692841,0.007207098519093627,0.01039978016049645,0.5893424173059764,0.6409698063236626,0.3802653849620655,0.6404684788839246,0.006051950189941562,0.011180277545632344,0.013493743693571772,0.6193902160997471,0.008081170789682485,0.5528428521999752,0.006516991462863667,0.009055604726963646,0.523230040894743,0.007921683575135792,0.6117310508744693,0.62585900238133,0.6373066702796917
4.5,0.6612288689471884,0.019354166129523145,0.6363938517346405,0.006449625654957525,0.5403064499022482,0.1462049259374622,0.6688133993625622,0.6645332144424998,0.6125104994827452,0.0073373357038394454,0.009802572625353287,0.6262861033086279,0.6704975860632354,0.4833596929246767,0.6699167864528328,0.006162500724983175,0.011126876187462316,0.013812223678059446,0.6513900428248041,0.007974163103010707,0.5959543400743572,0.006856513359306644,0.008821883881470424,0.5733365824967488,0.007379719498412405,0.6445871145683093,0.6572107977060337,0.6673880081982481
3.95,0.62717712617477,0.017033278893573704,0.5982726495350562,0.0068127086171080676,0.4709088696598549,0.02862382280244178,0.6361720067984737,0.6313265929449243,0.5688982262040266,0.007539401335485358,0.009604871595017623,0.5855217513735722,0.6376435948928219,0.3639084736829667,0.6373719935107375,0.006497257785654236,0.01147551392353656,0.013423970680370295,0.6157916397698414,0.008697842507584444,0.5481122161349622,0.0064564723378792935,0.009626496387766536,0.5165075534038858,0.00762771163137521,0.6080806042737232,0.6219386586642561,0.6339349771473674
2.0,0.3407833653543066,0.012493712590153729,0.22537241537010436,0.00737619690359977,0.01802589819582395,0.01402592487587235,0.3657436190230551,0.35222702565083785,0.038691864886063285,0.00829363383398918,0.009478792000121548,0.12685732041350212,0.3703633227539416,0.014199804442751712,0.3691860673288925,0.00711130288761674,0.010288860492807484,0.011706876778346665,0.303611878251882,0.008695449183292209,0.026045973824076758,0.006961265204923115,0.009201523441020916,0.01961244247208797,0.008618406282513385,0.2724326228681865,0.32578330182258824,0.36008190143268315
4.8,0.6759296109938748,0.021851483224184277,0.6543934678600404,0.006417641545133062,0.5684999617529493,0.4148687249146157,0.6840292106175144,0.6797902246912233,0.6319631202338654,0.007232017196542483,0.010403111578012757,0.6441490693285347,0.6850618630602618,0.523058488163914,0.6850753279309424,0.005647330299204812,0.010645633808934895,0.012989190662453454,0.6678553559903758,0.008351689974806994,0.6175629670584926,0.0062630344726501115,0.00867903924462026,0.5967085248558922,0.007045423058096328,0.6616324388639909,0.6728898889182591,0.6818961929317863
2.5,0.4649408161914788,0.014601864697369972,0.4044770508000538,0.00801200994702258,0.02548318022611066,0.014603654428708913,0.4805462236434971,0.47199100161657104,0.3274620424109391,0.007508571627998545,0.009672449058187595,0.3740037439102285,0.4838272267664238,0.01893333222746394,0.4827280084855073,0.006822088770726183,0.0097071765989699,0.012269340665475609,0.44333193728042497,0.008745231226597242,0.2407230759999749,0.0073891547245673655,0.010109327090342294,0.045596092306178886,0.008389103750140106,0.42726508346936826,0.4555421435118087,0.4773053473393222
3.45,0.587211629492675,0.014831714322235815,0.5519337669527156,0.007260143439557135,0.3610595240215058,0.021060029274239875,0.5974213088502166,0.5915779230155589,0.516066349468115,0.007404350865626016,0.01007173901316215,0.5372821058176676,0.5991057175115437,0.04977970040219572,0.5986341918833891,0.006282415494402525,0.010669229380152264,0.013468013150065544,0.5732933135419074,0.008852602890752095,0.4873413498004502,0.006138769766402172,0.009584625578576363,0.4449429737006276,0.008100060941984294,0.5639171783255735,0.5804997319941205,0.5946815886753857
4.7,0.6716527178032048,0.02079682151899089,0.6483472648499755,0.006423469845419962,0.5595317524627439,0.38544256834524654,0.6794407303955114,0.6749795786472754,0.6261750244833821,0.00664471176241508,0.009955700957192259,0.6381575691056827,0.6807592186847821,0.5111548956791717,0.6802630011495164,0.006012193221234959,0.0116992276899584,0.014444747982355769,0.6621947773021987,0.007865972757865866,0.6102768763917271,0.00622097411269906,0.008621807662351929,0.5887006307427473,0.007605662933679902,0.6562293203978254,0.6678018111654164,0.6777214867906177
1.0,0.010348467985250772,0.010832264247073096,0.011758210377132244,0.008095471863278369,0.012052291032731349,0.011592956191016355,0.006225917032023192,0.00877903163832266,0.012474219669739184,0.009399207904574871,0.009901679473048241,0.012835665058098734,0.0014387697360255856,0.011931348249015969,0.004553909771830379,0.00743538031717561,0.010204959093522304,0.010586323411364552,0.011235695544044723,0.010047052221065243,0.011998751249839788,0.007199725577918367,0.009386691987708041,0.012525137749999206,0.00866277672778662,0.011793208735372507,0.010645018030253148,0.008042000169563534
3.65,0.6043102277285798,0.015555793805337344,0.5720679511000029,0.007011263537463243,0.4127100309690232,0.02311795825256966,0.6140134253825703,0.608640813942849,0.5385398090529773,0.007524638338971592,0.010271998347898324,0.5585232281153683,0.6156788746771554,0.1688886404777299,0.6152580091636798,0.006203938295868458,0.01146253205504614,0.013271704963335915,0.5923432045125703,0.00823426596015242,0.5146419270289733,0.006906288853764653,0.009451959139481318,0.4773059627193385,0.007600251547762364,0.5829277283295924,0.5988815071099276,0.6118491304596237
1.25,0.01274195043115565,0.011358955989325438,0.013829891818110082,0.008067350465924338,0.012131790115103264,0.011511307233785477,0.008728655515408414,0.011678888155578458,0.013357993442357654,0.008290129195576718,0.010585429317308995,0.014933211036629288,0.001982006963856312,0.011867501547936834,0.0062972337817603285,0.007685084432798939,0.010253246678115665,0.011003951859546562,0.014483559816834244,0.010035753646796156,0.013553544191780618,0.007891927903790464,0.00941038021127055,0.013249435702108313,0.00874889164709288,0.014048114242451141,0.013665304378170012,0.011113782052976357
3.7,0.608544267022816,0.0167849591699047,0.5764437508385093,0.0070407212858322405,0.4256095459951237,0.02528188174535988,0.6180257626326779,0.6123158561516602,0.5447578609924664,0.00718395482800173,0.010607822590686973,0.5629044145757853,0.6197863074349326,0.22539212438475856,0.6192241417976768,0.006536648076082717,0.011538824372406442,0.013482633698293842,0.5963358545101491,0.007627279272134587,0.5200652842991078,0.006848277548530831,0.008945784721683954,0.4826611948722097,0.00784169085181761,0.5879582217238047,0.6032829441228342,0.6158883953001375
2.85,0.5203355843793095,0.014014402066261486,0.4735501419485717,0.0072903805449136905,0.045424388526672264,0.016623377322079923,0.5324123555372146,0.5257802948744243,0.4189906959470876,0.007293891252604966,0.01011983721364125,0.4512752245588039,0.5358402272073127,0.02111180113075416,0.5350970864602073,0.006448025026065152,0.011125436641546284,0.012890734460242704,0.5029136661098441,0.008342225983323627,0.3702364502854487,0.006841238091749136,0.008451709108659767,0.2773705836943799,0.00829988752943423,0.4900411289601278,0.5126646208428243,0.5305748970732783
4.05,0.6340717656504749,0.01808159041376233,0.6057248869344609,0.006722060181928253,0.4861414700003458,0.031939024703782605,0.6423229573148667,0.6380350285822575,0.577926159331067,0.006982659320488155,0.009287731551828935,0.5932731797350164,0.6441067853433107,0.3943506865638983,0.6437242358773853,0.006108974920100668,0.011817257348171994,0.013403178225179287,0.6226320518269588,0.008033770408774987,0.5573641676441119,0.006163131136694125,0.00910769966952374,0.5282694609082564,0.008322506251256846,0.615362846080105,0.6292288320882119,0.6406903160656514
3.55,0.5957563391236674,0.015425397326732112,0.5625069073240107,0.007293289728758,0.39056786463109017,0.02234969518353918,0.6060553320407587,0.5998611861259179,0.5284575386380792,0.007427010543028216,0.010069398642294471,0.5477550171934097,0.6074005211748459,0.07558546868158028,0.6072669463765562,0.006394260036969966,0.010330391832517744,0.013059059935126887,0.5831735596832075,0.00815433079115192,0.5011547242468977,0.006655176942137809,0.008077098500543558,0.4614455026852281,0.00815861734175551,0.5739205221386546,0.5904288487715854,0.6037425950971963
2.7,0.4992061239842451,0.012692766562725194,0.4467812197290202,0.006758003805816593,0.03272834909542604,0.01698151404878637,0.5129050420130535,0.5051157106382994,0.3846739582375568,0.00758411022252353,0.009685840769023416,0.4213677509016253,0.5153617521891921,0.01899051044342301,0.5144987587327362,0.006698673143961837,0.010551548953588893,0.011500426186062422,0.4790667457467065,0.008452966543629654,0.32625181901739725,0.006985648716696451,0.009171430708498064,0.18243477477950104,0.008452377595960936,0.4656108706465669,0.490235323587467,0.5091762665353939
1.85,0.2809604541541845,0.012634500359219895,0.08553892839087683,0.007657278298942912,0.016043621729538052,0.012537324826874164,0.3125849930482563,0.2954922090397702,0.02603330381298534,0.008216325504122669,0.009894232303401385,0.03825911305222951,0.3183634931570851,0.01509664644317954,0.3168761578236425,0.0074132930777052785,0.010505309343088735,0.011936424743649985,0.2327817070219141,0.009087518623372128,0.02183207197473169,0.007213300009662847,0.009493934209145223,0.018210793979017155,0.00875086513198211,0.1822878211596773,0.2620301212255371,0.3061275902046916
4.3,0.6499723422150239,0.01791139948746211,0.6237833878800002,0.006322821226567483,0.5170953225257328,0.04562291007831521,0.6577533473703429,0.6528226148227803,0.5980965527442309,0.006733712390007144,0.009653126237390796,0.6126457431288305,0.659325822756174,0.44946609602811133,0.6590330502110809,0.006055600800774416,0.01119279088860082,0.01296423039122594,0.6395527548673772,0.008109171669192854,0.5799152848939991,0.006143581102458825,0.008940301129351172,0.5551370622373469,0.0076398554020824655,0.6326179872229561,0.6454984201524748,0.6557678523290911
4.4,0.6558624929228393,0.01916472549335943,0.6301915346955972,0.006441958636009593,0.5287829350777078,0.06679140267401372,0.6636424188154229,0.6586653963990057,0.6060313109659999,0.007297947485879443,0.009553066693072695,0.6191902278017862,0.6651809954336887,0.4674449136115664,0.6643543511022579,0.006311006497650309,0.0112220670957624,0.01366292892463927,0.6454977583092771,0.008614217558711536,0.5881119429345159,0.0063194984252854716,0.00928935828780328,0.5647974770476984,0.007716366848938156,0.6386773134223092,0.6506891790650676,0.6616910200481975
3.15,0.5569834458754948,0.014734457732523637,0.5174447074411727,0.007234694577889149,0.23356391750676744,0.017622755911557354,0.5685386191074522,0.5624122853668104,0.4732629013151618,0.007507072962714883,0.009584963833915123,0.4994549496076149,0.5707412391579093,0.02853197282714225,0.5700712378418014,0.006702983519436268,0.011393023658251657,0.012605020587067478,0.5417918238667807,0.008995160922918723,0.4374505414079889,0.006895086536358907,0.009456075720197507,0.3798017221324165,0.007512614418056954,0.5312706426359092,0.5501791679811889,0.5658605902343621
4.15,0.6404367970449731,0.017190602977299706,0.6126947236457126,0.007230660042371617,0.4979571738193197,0.032634675591042994,0.6490255657405408,0.6444655053861457,0.5874752425377572,0.00707260369910407,0.010101199487064809,0.6014700036045268,0.6506136303695563,0.418925240645732,0.6499357284491543,0.006130142346245715,0.010838990996419695,0.013406431363885382,0.6299767332350519,0.0080909559531499,0.5668044539607473,0.006577362565517954,0.00916690155636294,0.5395769813985669,0.0075408132995905515,0.6225199752998349,0.6361753066382346,0.6467831676289822
3.3,0.5726694439502618,0.015081131991232509,0.5347866190822418,0.007136413666022509,0.3103784605266339,0.018742310621794312,0.5833901876539328,0.5776282994017521,0.4961490743662654,0.0077418370776606345,0.009630386243795726,0.5198684300564429,0.5856570717629812,0.03578191994257063,0.5850414504487278,0.006290733918951647,0.01058444211205867,0.012615240242023065,0.5584254114662631,0.00833664736520214,0.4646054970195535,0.00645540029806621,0.009011544113510343,0.413971569901959,0.0078278277761107,0.5481045671034352,0.566624772865675,0.5809972221778074
1.95,0.3242438485308801,0.01171462318837546,0.1860594727989092,0.0077566819166529485,0.016312923001919364,0.013906337178850592,0.34983618162152064,0.3350113512295613,0.03388594468883822,0.007957001317592279,0.01042811404557637,0.07443273313324203,0.354162140770272,0.01485042946758594,0.35286030329975243,0.00712906873543616,0.010457765042610343,0.010967804011314742,0.2840491920069703,0.008587990960053388,0.02358390468367958,0.007840348611879322,0.00973400924486496,0.01911869085852718,0.008643646747782,0.2482927450154261,0.30637477009431674,0.3439019215100935
1.05,0.009910245215202632,0.011465950725836938,0.011678620172088892,0.008217800135604738,0.012959075801380587,0.011313342223107916,0.0068121656124627925,0.00896133787766025,0.013438334932209908,0.008782331414335912,0.010873777113274941,0.011447219805285418,0.0015036756756986705,0.01149880319021367,0.005171178791539626,0.007442260843380791,0.010845853060199908,0.011775163208598909,0.012405235482153365,0.009136409496282605,0.011860217599827607,0.008046242638346624,0.009659674176243914,0.012425913893744991,0.0092355745463229,0.012513477104172045,0.010416560434662915,0.008474577759376215
3.85,0.6201189516783048,0.017521158368995184,0.5897742538557003,0.006803423502699696,0.4524815362087104,0.02661067070147208,0.6292276217284551,0.6241360135643592,0.559574243900666,0.007370653808009253,0.010551162664301644,0.5765208750267646,0.6306685881000913,0.3262539107733553,0.6303891558975601,0.006200354997479929,0.011245691162716336,0.012486329249341071,0.608483824756766,0.008536742440155759,0.5376587398567354,0.006557818128940546,0.008936749680277604,0.5043177023349885,0.007763374772147444,0.6003385541567261,0.6148197401093286,0.6268182393021059
3.9,0.6235060288609127,0.016368393458667217,0.5940648097867782,0.007032066952966615,0.4617260238752974,0.026157977468603908,0.6323118668299174,0.6276260916739078,0.5649483099651965,0.00722972814504975,0.010213828511416369,0.5817292652552912,0.6342111805547138,0.34663555884688346,0.6336360563077348,0.006252384006356489,0.010631682096944744,0.014747033516180704,0.6122158188912544,0.008584506038616322,0.5426132054893806,0.006677923076024217,0.008238934426143233,0.5114199849166232,0.007427958811004372,0.604201575259954,0.61840117380785,0.6305847279216518
3.0,0.5395672301832822,0.013632543273662891,0.4963726269434713,0.007321605145196794,0.08632422130026128,0.017564822427864016,0.5519821192727863,0.5453476720426772,0.4488807817230069,0.007460545249360038,0.009674283328254294,0.4763365058572896,0.5535084208327233,0.02428290385420026,0.5535554652892217,0.006306467669919643,0.011221377668276621,0.011762884447165242,0.5243315388998624,0.008397864467033066,0.40749083012467263,0.00698287317498154,0.009288686268566241,0.3364909675777329,0.007822226094774905,0.5120222668193124,0.5320517614176488,0.5489944319292239
2.6,0.482595416689867,0.013254119643414755,0.4264573712156572,0.007874218366114266,0.02568123072649885,0.015583852339094557,0.4972662283606316,0.4893409969221178,0.35812149111014796,0.008083653402332266,0.010282542966678986,0.3989475477542304,0.5003279204976953,0.017898785225551987,0.4989300987530783,0.0065041179548422645,0.010599367997144456,0.011902312013899644,0.4624150599101939,0.008321700176282509,0.2866561879574314,0.0069752362574296775,0.009137853379389178,0.08196079714266202,0.008870013251453101,0.44756590277808217,0.4739989948991249,0.4943368082695503
1.75,0.229280717899939,0.012558946141926935,0.03704593359365012,0.007853384500593742,0.0151259760778875,0.013030573009025288,0.2667251551728864,0.24773097720245899,0.02280783056198681,0.008056666613696662,0.009868238893646776,0.028089439394484272,0.274307418678874,0.013750169959075815,0.272414731392196,0.007224955962089545,0.010778877540396851,0.011283537751270068,0.1524121095777143,0.00950484108325152,0.0185934265819494,0.007009446173468858,0.009714487585763569,0.018784002705645918,0.00863828910782417,0.07645642579916477,0.20028541815477868,0.2599827876994529
3.1,0.5512035271050473,0.015522836248892287,0.5107574039535345,0.007123569049928598,0.18936304679804952,0.017618653509728206,0.5632070724344431,0.5567210751049447,0.4666998796059754,0.007834390620379165,0.01014099289076198,0.4924603356178306,0.5653747456788101,0.02721416908664448,0.5644893481403107,0.0068632780981469094,0.011141232348736534,0.012172430504590765,0.5360163009471277,0.009308377531606463,0.4281345980808411,0.0067504998967164885,0.009483578984955405,0.3656786220299417,0.007995997003432906,0.5249391656387973,0.5447184983129226,0.5603012612202477
4.55,0.6642323538587924,0.018952950732893038,0.6391419837559703,0.0069202269191554686,0.54509976652533,0.25692461924517496,0.6717414807838592,0.66735827557042,0.6165477733180043,0.007033103536354638,0.009810080408425336,0.6290669810911561,0.6731817298107359,0.4915850879279108,0.6727429263705963,0.005837007157832097,0.011593978914632241,0.01412259711053086,0.6544551252975371,0.008206303846348515,0.5995685513281717,0.006712626585731486,0.00832925346784456,0.5772181743398476,0.0072412668582714935,0.6477038699718254,0.6598384699402963,0.6697774973214808
1.9,0.30276175184415777,0.012986084346226218,0.1418241698966142,0.007671332328474747,0.01530678876523134,0.01286947716377082,0.3318440387314775,0.3169209111088473,0.028744356181888,0.007902515895676449,0.010568175539450608,0.05049617658249445,0.3371250368379716,0.015384567610582846,0.33570163456596325,0.007031152856267722,0.010868314215827759,0.011006798837379265,0.2591489705155826,0.009150816599480244,0.02169497803316154,0.0067948794374399065,0.00972355195806708,0.018498127055464855,0.008245649134731905,0.21923784609963626,0.2853802149651414,0.3260430009206813
2.9,0.5273046003240125,0.013964089324819184,0.4816025917943626,0.007534674946113498,0.05059451871198861,0.017450217724508717,0.5394772232682793,0.532958308958506,0.4294822869507717,0.007666255161213858,0.009891459457399679,0.4596571228601154,0.5418331188790139,0.0236594710980509,0.541283060512437,0.006420979886481436,0.011815082701942441,0.011552083415917696,0.509771741923872,0.008805525561477323,0.3829915001520682,0.007465819674683637,0.009321377009882384,0.3000286884218228,0.008135026753192465,0.4980566512143408,0.5202177762054139,0.5359637028489992
4.65,0.668474042426366,0.02051115041900102,0.6451719156402209,0.006825204709843421,0.5543472301823099,0.3598663653713633,0.6759896217538398,0.6725542715470006,0.6222081198804545,0.007092083342102634,0.01013240768550156,0.6358595625657019,0.6782535022224804,0.5050076067235654,0.6777477342143378,0.006198140567604675,0.012291721589822977,0.014864731981772784,0.6602058461680682,0.007511190941278886,0.6069826566106714,0.00617644457814683,0.00861438335327218,0.5853581110483476,0.007402857435986834,0.6526951899231805,0.6643480432628391,0.6751756187449449
2.25,0.41277572894005937,0.012453921933895029,0.33548636949932953,0.007990995519574388,0.017259106915800657,0.014145157453953937,0.4315809206027182,0.4216613856343701,0.209907098507668,0.008413141408503837,0.009471917283343454,0.29265693766931894,0.4352843189982904,0.016105934706149266,0.4345686917112128,0.006937378716764161,0.010131046682126905,0.01214682385674766,0.3851110140293193,0.008330581567274922,0.054061128132369525,0.007177847731469104,0.009330876780264959,0.02623971851051048,0.008290230319206731,0.3648161169846622,0.4004734413837289,0.42732028394851396
1.8,0.2562968687269218,0.01278803936397288,0.053604633577549,0.007761056420305358,0.015436610191663609,0.01382862660707848,0.29131449926143466,0.2721314443784151,0.023084599847319937,0.008519194886216101,0.009733347408032543,0.029865290765610886,0.2974148016512182,0.01509170550367509,0.2958390547763807,0.007517734431423937,0.011048750150415036,0.01131928448005163,0.1987215642193713,0.00956602255178514,0.0193197310730492,0.006973941354676337,0.010005888237161885,0.018358782733668744,0.008889037170365648,0.1287184581139952,0.2330505138571105,0.2835369755942964
2.65,0.4906842214769226,0.012699347037049738,0.43700685096445,0.007705599847235395,0.030969515436523105,0.015822516177672555,0.5051620170197276,0.4975291901895857,0.37183332871935226,0.007674765221064255,0.009942948020138669,0.4103589340854248,0.5074844994387947,0.019113466495713872,0.5074033037423044,0.006962501580028943,0.01110441233587726,0.012381364278839485,0.4710331055847962,0.009162537209742376,0.3088846472192653,0.0069127834668908095,0.009288583565991534,0.13178934785525645,0.008301229966040602,0.4569077773591032,0.4823028385746465,0.5012723246390574
1.15,0.011548663368223024,0.011552390093879482,0.01384282930251828,0.008102139274537158,0.012004651841560259,0.011972355758810949,0.0076457799118509985,0.0103665954143287,0.013607767316226515,0.008606449723530241,0.010426718891369608,0.013882126285564565,0.0016850395171893815,0.011211509074488491,0.0053490810057649435,0.007397740642874291,0.010060635779436784,0.010445350059921341,0.01177711091467802,0.009207136254639146,0.012773417807716009,0.008097616489666523,0.009905034412777859,0.013399691861569337,0.008879419819839805,0.013920050656587132,0.011509603111258263,0.009524362871385358
1.5,0.02514796899923044,0.011704333507019894,0.01943091639363789,0.0076120681249685455,0.013937259966319558,0.012425203752446412,0.032987066627252634,0.030029525166702226,0.01707086754743135,0.008394538036994413,0.010684641772807328,0.01697159613597209,0.018824667441116917,0.013343946883653146,0.03284595640165381,0.007301132504052741,0.010046275412658056,0.010657553481631495,0.02248029459558555,0.008769446926663012,0.015738585636056547,0.007696309400874421,0.009399369492617002,0.014776619699004984,0.007981526837437386,0.021616331024218702,0.025036706503674955,0.0314557287050592
3.6,0.5999850177158618,0.016953923837683342,0.566979238542832,0.006810564788111925,0.4031508804597526,0.022926082288285708,0.6101916753244696,0.6047631249198632,0.5336677894520621,0.007303652379363176,0.0097782934616967,0.5525068053405018,0.6115190795678991,0.108716153946204,0.6114891457589169,0.006365382682984614,0.011764750134969441,0.012951571414344372,0.5870460312465471,0.007688616948824597,0.5074882800097806,0.006433802334272511,0.00895905674750398,0.4693638785687763,0.0078071396280457814,0.5783844092642202,0.5939943127492152,0.6071884697060462
1.7,0.19379872273849397,0.01243270880256404,0.030185821835460036,0.007958467052440694,0.01464781719040096,0.013159311783322828,0.24020337594467514,0.2157138398422391,0.01963121848650245,0.007624500014481986,0.009574508015140627,0.025631612568382617,0.24760345220226745,0.013400026601387435,0.24586560229943874,0.007153607696903885,0.011603641794738974,0.012040117449652051,0.0913700667431801,0.00909701565758168,0.01865217224430938,0.007765519489021519,0.009937492448356986,0.01549127016636154,0.008894911081624098,0.043589060365844035,0.15836986135002026,0.23042556926410335
4.95,0.6834408991810427,0.021684097402454455,0.661297547060406,0.006963172695728403,0.5805662442091067,0.4517964271412587,0.6910447062612962,0.6871357456656957,0.6408899588299565,0.0067853832970516175,0.010798276431799116,0.6527338202141225,0.6922027025786565,0.5395690230818948,0.6919517246454799,0.005511492582605668,0.011927109827258342,0.01446360989589439,0.6751859078989766,0.008095398168762641,0.6268541589618715,0.005996472076824889,0.008556244640876436,0.6072426211518801,0.007272975779928458,0.6692677474348352,0.6793911691718467,0.6892883565297815
1.1,0.010914704391231326,0.011769773300777744,0.01239278416841962,0.008320285475722958,0.012476267954976968,0.011504560231987442,0.007637925987319687,0.009502308746695184,0.013142809840335204,0.009049263945390686,0.010400318680757218,0.012949146728571729,0.0015776672230397256,0.011249611657569623,0.0051944336833525855,0.007478408271852265,0.010393829307088324,0.010588211608795613,0.012201674147042388,0.009097124267088048,0.011843331780045431,0.008164467566603691,0.0094085323028149,0.01191577260825328,0.008439385280032737,0.012442807877612526,0.011257016830697882,0.00837907516257448
2.1,0.37273239277578585,0.011963150845746916,0.2779497726327213,0.007442569354200463,0.01760491111410429,0.01317406798913518,0.3953269014378675,0.3833001552521237,0.07490588205290283,0.00858906535439663,0.009932694653785656,0.21547308858961314,0.3989288424009798,0.015355430315631741,0.39769463075256944,0.006668678602144879,0.010904679883293302,0.011144378128878541,0.3409977614904732,0.009306783421683259,0.03161939048520606,0.007079492559882212,0.009738976402520723,0.021558232904757054,0.008306425866841098,0.3156423444908577,0.3592346709167962,0.3896566290380144
4.9,0.6810348778173122,0.02157054672332749,0.6591915048972471,0.006377060419706327,0.5770528140487979,0.4415490636054717,0.6887272267786592,0.6848388032277491,0.6381732443478659,0.006746099720363693,0.009687821059157362,0.6495581998263728,0.6901001929946392,0.5341934372721648,0.6897638744296193,0.005658527741503264,0.011617771532162422,0.013957781263385441,0.6720784755286692,0.007781339776669361,0.6230931513852221,0.006166415018639565,0.00914697845182574,0.6042362472912879,0.007212772292470381,0.6666198621805199,0.6777629662849417,0.6869229070412789
1.65,0.1472261155408354,0.012182762149367544,0.027499130653044997,0.008006220088695766,0.014426116157145797,0.013607589089274308,0.2073074969216253,0.17766409403455702,0.02050474564424308,0.008298712085481896,0.01009887371368078,0.02171870661772675,0.21660778350431087,0.013403565292709028,0.21403233310787592,0.007274750244087877,0.010955687505160782,0.010796667202527432,0.04834979692732516,0.008829948251588218,0.01868651682094822,0.007262267136622252,0.009187078736800131,0.015597012092377197,0.008968933435998356,0.03196416438925841,0.08957756384144028,0.1964402287817752
1.3,0.0134818480142446,0.010947902660591912,0.014927822009796938,0.0077914280263209935,0.012706020041914684,0.01258030966099185,0.010394545805276895,0.012923536544430762,0.013551798863942777,0.007903282738644851,0.009252732602047209,0.014552828640490291,0.0022423459493147386,0.01275229383615962,0.00738303698853718,0.006812265297702583,0.009958120264323907,0.0108448076268401,0.01585989044306511,0.009310177989367441,0.012570398904074971,0.0075682603802259924,0.009904858592952372,0.014127295507407324,0.008576409648537077,0.015064053137886524,0.014289782602903518,0.011593782192309152
2.55,0.4743506990312464,0.012545034885969848,0.4160420147183565,0.007477583537120762,0.023586575747157813,0.015490410294114491,0.4892590674293413,0.4809261743296261,0.34269798890815856,0.007677264087552382,0.010769194068744296,0.38698271850886734,0.4921907520259603,0.01768922638778035,0.4910675875475074,0.006539828588753231,0.0105157468203927,0.012034109878567545,0.4528472504917291,0.008882072214089745,0.2633930521692673,0.0070923476774634436,0.009563359547606162,0.06165768588497264,0.007805112418255555,0.4371142523532344,0.4655493613551205,0.4860175556094757
