,-8.0,-7.9,-7.8,-7.7,-7.6,-7.5,-7.4,-7.3,-7.2,-7.1,-7.0,-6.9,-6.8,-6.7,-6.6,-6.5,-6.4,-6.3,-6.2,-6.1,-6.0,-5.9,-5.8,-5.7,-5.6,-5.5,-5.4,-5.3,-5.2,-5.1,-5.0,-4.9,-4.8,-4.7,-4.6,-4.5,-4.4,-4.3,-4.2,-4.1,-4.0,-3.9,-3.8,-3.7,-3.6,-3.5,-3.4,-3.3,-3.2,-3.1,-3.0,-2.9,-2.8,-2.7,-2.6,-2.5,-2.4,-2.3,-2.2,-2.1,-2.0,-1.9,-1.8,-1.7,-1.6,-1.5,-1.4,-1.3,-1.2,-1.1,-1.0,-0.9,-0.8,-0.7,-0.6,-0.5,-0.4,-0.3,-0.2,-0.1,-0.0,0.1,0.2,0.3,0.4,0.5,0.6,0.7,0.8,0.9,1.0,1.1,1.2,1.3,1.4,1.5,1.6,1.7,1.8,1.9,2.0,2.1,2.2,2.3,2.4,2.5,2.6,2.7,2.8,2.9,3.0,3.1,3.2,3.3,3.4,3.5,3.6,3.7,3.8,3.9,4.0,4.1,4.2,4.3,4.4,4.5,4.6,4.7,4.8,4.9,5.0,5.1,5.2,5.3,5.4,5.5,5.6,5.7,5.8,5.9,6.0,6.1,6.2,6.3,6.4,6.5,6.6,6.7,6.8,6.9,7.0,7.1,7.2,7.3,7.4,7.5,7.6,7.7,7.8,7.9,8.0
0.1,803.7427349249298,781.2701726047075,759.1300876044571,737.3224799241785,715.8473495638721,694.7046965235375,673.8790956602949,653.3231975604418,633.1008382824328,613.212017826267,593.656736191945,574.4349933794664,555.4843673060304,536.8579836656344,518.5661986818445,500.6090123546614,482.9626852828132,465.6073340278975,448.58763941912423,431.9036014564932,415.52449792422095,399.4487633155161,383.70974131575196,368.29991127150515,353.1745971853212,338.3870494592438,323.92698740753553,309.7585445698764,295.92891944358837,282.4071205423535,269.2019877942132,256.32383499482347,243.74752470805095,231.50411290538557,219.56094770360002,207.94669413184812,196.64098774038303,185.65287224194597,174.9888883149626,164.625933271422,154.58438691028155,144.86066714302908,135.45219301357847,126.35365261289002,117.56955996604206,109.10015585002348,100.94499062308348,93.10022378504851,85.56778121414936,78.34977798817532,71.44198082459292,64.84677700100193,58.55968727948462,52.5834370915018,46.9170295579917,41.5574106265947,36.50655106496637,31.761746697122273,27.323305122173895,23.188605927644176,19.35771507521306,15.828774551723477,12.600370043644133,9.672212313068197,7.10611516878487,4.934802200545132,3.1582734083489608,1.7765287921963624,0.7895683520873362,0.19739208802188202,0.0,0.19739208802168784,0.7895683520869478,1.7765287921957786,3.1582734083481814,4.934802200544154,7.106115168783697,9.672212313066815,12.633093633393504,15.988759129763764,19.739208802177593,23.884442650635,28.424460675135975,33.359262875680514,38.68884925226864,44.41321980490033,50.53237453357559,57.04631343829442,63.95503651905682,71.25854377586279,78.95683520871233,87.04991081760546,95.53777060254214,104.4204145635224,113.69784270054623,123.37005501361364,133.43705150272464,143.89883216787916,154.74688583472164,165.909118700893,177.3708002200534,189.1333430151126,201.19850030633762,213.5676255047724,226.24172048639684,239.22188386621258,252.50960147483744,266.10433435135025,280.00828163754653,294.2216514885087,308.7462889419852,323.5795193541437,338.7263717183478,354.1817811010041,369.9512812349849,386.03407084308844,402.42969455458774,419.1381066925644,436.1597490627809,453.49564667378365,471.1475266431915,489.117967400736,507.395362301089,525.9893335871524,544.9081648920003,564.1290344005475,583.675090549022,603.5337805952732,623.7100780086469,644.2022748225152,665.0143920588522,686.1357728922853,707.5926103954893,729.3388449631598,751.4238972422016,773.8204280423323,796.5249462881021,819.5672308939786,842.9149536152923,866.5713068616002,890.5643727168489,914.8827860213996,939.484515534275,964.4219016932929,989.6949444984529,1015.2823508247337,1041.157588512995,1067.3674248578627,1093.911859859337,1120.7908935174178,1147.9454789824317,1175.4191712280467,1203.2264022955048,1231.3671721848068,1259.8414808959524,1288.6123891550303,1317.6738114304517,1347.0677110258446,1376.7940879412097,1406.8529421765465,1437.2442737318554
0.2,805.4926898841723,782.9392618749291,760.7197614259024,738.8341885370919,717.282543208498,696.0648254401202,675.1607681457494,654.533485962429,634.241174991346,614.2838352325007,594.6614666858931,575.374069351523,556.3581482805589,537.6696599896334,519.3171847025363,501.3007224192685,483.59753188701274,466.1863574270466,449.1122357272697,432.375166787682,415.9473242420752,399.82191227698513,384.0345906152352,368.581927504759,353.41158487925986,338.580367705897,324.0831867748712,309.87426154645806,296.00549434032473,282.45208839994353,269.2109150294202,256.3047428004021,243.69542538082024,231.42747981293056,219.45427187771512,207.81886303272418,196.48600812453537,185.48000381862968,174.7917340485451,164.4140004030085,154.3592710079664,144.62388756729987,135.19802405839098,126.08943234040406,117.29796738870178,108.82255475644884,100.66270124223027,92.81839925562741,85.28847751866371,78.0694556839306,71.16733823923316,64.57609846236979,58.29934518462469,52.33414464448672,46.67941255241487,41.335507266621164,36.302422527532165,31.5781164855231,27.161965631631418,23.053394420122544,19.25103816525667,15.753847418263277,12.560461163307622,9.669395244859981,7.10611516878487,4.934802200545132,3.1582734083489608,1.7765287921963624,0.7895683520873362,0.19739208802188202,0.0,0.19739208802168784,0.7895683520869478,1.7765287921957786,3.1582734083481814,4.934802200544154,7.106115168783697,9.672212313066815,12.633093633393504,15.988759129763764,19.739208802177593,23.884442650635,28.424460675135975,33.359262875680514,38.68884925226864,44.41321980490033,50.53237453357559,57.04631343829442,63.95503651905682,71.25854377586279,78.95683520871233,87.04991081760546,95.53777060254214,104.4204145635224,113.69784270054623,123.37005501361364,133.43705150272464,143.89883216787916,154.75539700907729,165.99057776670804,177.53331954206303,189.37714747545138,201.52328801593205,213.9741403153863,226.73070490490818,239.7934772462331,253.16493949925322,266.84429369548894,280.83474519403427,295.1352642063957,309.7460974080673,324.6691216447713,339.90688463210444,355.45428434349776,371.31669941226335,387.4945024123231,403.98692731576745,420.793552589967,437.91436491868456,455.3498369212387,473.10102279775276,491.16967715332817,509.55840410897974,528.2608907323306,547.2762717970617,566.6180995661515,586.2685295629159,606.240853300487,626.5320522340415,647.1379801193557,668.065700729423,689.3108980829466,710.8708829990842,732.764331683647,754.9523148391771,777.4804560169869,800.3190719407443,823.469905406627,846.9598643246457,870.7553201472629,894.8626542796458,919.3080787153685,944.0800364212748,969.1375097451487,994.5320358292118,1020.2636146734638,1046.312594414954,1072.6498486370872,1099.3231158630497,1126.3323960928408,1153.6776893264603,1181.3043073249637,1209.2478509160971,1237.5263657194682,1266.1398517350772,1295.0883089629233,1324.3421234571238,1353.8813948416207,1383.7545937863338,1413.9617202912639,1444.5027743564094
0.3,808.4189770951282,785.7317637981085,763.380874485612,741.3663091576386,719.6880678141887,698.3461504552619,677.3118791900004,656.5664688716215,636.1583970026522,616.0876635830925,596.3542686129422,576.9582120922015,557.833760879871,539.0424714318216,520.5895327111942,502.4749447179895,484.6771219083242,467.173521272533,450.0092812857785,433.1844019480609,416.67532624564535,400.4676415359002,384.6003248680621,369.07337624213056,353.8312390108053,338.92767702099144,324.3654877620614,310.0924370050399,296.15880702106466,282.5524505984159,269.2515399955419,256.29400267535385,243.63430644569087,231.31463496384185,219.3020738927954,207.62440529552376,196.2531063758673,185.21683944647674,174.4882043171171,164.08542368830254,154.00822753749296,144.2410973336087,134.79604019004316,125.67228563073739,116.86799288125134,108.38201858715915,100.21379816257324,92.36325030662542,84.83069943852507,77.61681212587253,70.71907516250478,64.13676967623039,57.871455541918955,51.92240447227001,46.28750850523297,40.96627983636854,35.95949866017174,31.26578859108589,26.884606206675453,22.81516560980507,19.05599356564282,15.606718790400102,12.466232691845615,9.632961138376478,7.106115168784875,4.934802200545136,3.1582734083489608,1.7765287921963693,0.789568352087334,0.1973920880218854,-3.348353758088287e-15,0.19739208802168787,0.7895683520869456,1.7765287921957782,3.158273408348181,4.934802200544153,7.106115168783699,9.672212313066815,12.633093633393504,15.988759129763764,19.739208802177593,23.884442650635,28.424460675135975,33.359262875680514,38.68884925226864,44.41321980490033,50.532374533575585,57.04631343829441,63.95503651905681,71.25854377586279,78.95683520871233,87.04991081760546,95.53777060254215,104.42041456352241,113.69784270054626,123.37005501361364,133.43705150272461,143.8988321678792,154.75539700907729,166.00674602631898,177.65287921960424,189.64723061205532,201.94155290348667,214.5386689614179,227.4406548666556,240.64899983067122,254.16546980367352,267.99177355408426,282.1283565573734,296.57758797093356,311.33960967415936,326.41404663264666,341.8019522961449,357.5062151754735,373.52512610995535,389.8628541995301,406.51261872756953,423.48069340947853,440.76671351878537,458.370719497974,476.2932345804586,494.5353603301827,513.0988953481425,531.973625503003,551.1696273749025,570.6912232234498,590.5279737299664,610.6832618959645,631.1695069528821,651.9597439420136,673.0913192730802,694.5197883695528,716.2926262474367,738.3650499641918,760.7749607606315,783.5004795230749,806.5432996472747,829.9284943095131,853.6069317951481,877.6198611260975,901.9741631879308,926.6174606100097,951.5943089709899,976.9115253738769,1002.5395958980752,1028.4741583389928,1054.7480814289474,1081.361365167939,1108.2780736820037,1135.5024831633891,1163.0652433721968,1190.966354308427,1219.2058159720796,1247.7154630012967,1276.5588047461092,1305.7394849403313,1335.2575035839632,1365.1128606770042,1395.2656562074926,1425.7176324651414,1456.5059327073136
0.4,812.5339138306376,789.6614192475671,767.128561787807,744.9353414513578,723.0817582382188,701.567812148391,680.3524282987404,659.4433621458352,638.8749078385667,618.647065376935,598.7598347609395,579.212852528818,559.9375000012557,541.0037313902768,522.4115466958814,504.16094591806973,486.2310011670856,468.5992556348105,451.31006327602836,434.3634240907393,417.7406969018749,401.4189002337703,385.44062301705014,369.80586525171447,354.46783235709273,339.46388439995417,324.8044190258009,310.4483491522519,296.42467887199876,282.7437117829403,269.35984808862,256.32238312125736,243.60018410807302,231.20747797207605,219.14027608157596,207.39631132996408,195.9779947152155,184.8867392365092,174.1137330399544,163.674967310113,153.549846854543,143.75177560390793,134.28112061330123,125.13408005011564,116.30460316469839,107.79986608199832,99.61862346483697,91.76020453941085,84.22441780668657,77.0109360444889,70.11507319979431,63.54255777153924,57.29092124745381,51.35947740344164,45.74655642025067,40.45358242228083,35.479817295414925,30.82296945965958,26.48452997313717,22.462135795438154,18.756272056363645,15.365207400223847,12.288483999597329,9.525284680190284,7.074147975475741,4.934802200545132,3.1582734083489608,1.7765287921963624,0.7895683520873362,0.19739208802188202,0.0,0.19739208802168784,0.7895683520869478,1.7765287921957786,3.1582734083481814,4.934802200544154,7.106115168783697,9.672212313066815,12.633093633393504,15.988759129763764,19.739208802177593,23.884442650635,28.424460675135975,33.359262875680514,38.68884925226864,44.41321980490033,50.53237453357559,57.04631343829442,63.95503651905682,71.25854377586279,78.95683520871233,87.04991081760546,95.53777060254214,104.4204145635224,113.69784270054623,123.37005501361364,133.43705150272464,143.89883216787916,154.75539700907729,166.00674602631898,177.65287921960424,189.69379658893308,202.1294981343055,214.95666461941693,228.1047809387768,241.55005544307073,255.29725099848812,269.34979136652737,283.7105337121046,298.381680886277,313.3647230398422,328.66212412532445,344.273207664754,360.20085498572746,376.4461360429638,393.00851452504713,409.88891220089647,427.08892861923425,444.6108065294896,462.4509563817884,480.6112697058484,499.0936734657546,517.8987464497574,537.026537546653,556.4720212417551,576.2411103957245,596.336485320849,616.7589694616821,637.4937861446308,658.5614987982858,679.9500316587698,701.6615319395855,723.702688787231,746.0614021792788,768.7511867994199,791.7630757040051,815.0974770671901,838.771798905231,862.746792488846,887.0672284712236,911.7086978410422,936.6647295101998,961.9652437623425,987.5861504626948,1013.5172463148804,1039.7918616184502,1066.409996373404,1093.3126087314806,1120.5553289267814,1148.140602295575,1176.0684288378618,1204.2750070277705,1232.8214028219015,1261.7093825326158,1290.938946159914,1320.4877815048014,1350.3298803517466,1380.5125910443282,1411.0359135825465,1441.8998479664015,1473.1043941958928
0.5,817.8509700801847,794.7435750749819,771.9800085288516,749.5602704417936,727.484360813808,705.752279644895,684.3061373464349,663.189494556447,642.4176056340641,621.9904705792862,601.9080893921132,582.161786878358,562.7015337975688,543.5869567343876,524.8180556888145,506.39483066084955,488.29577189158863,470.5013361571014,453.0534951770139,435.95224895132594,419.18368237702674,402.71694041891755,386.5977083824213,370.8259862675379,355.36451055778673,340.2329815494285,325.44987390231233,310.9866174849078,296.8484559918508,283.0596234124824,269.5815380715861,256.44238241693114,243.63893129445123,231.1532600886642,219.0147578098055,207.1863616742791,195.70640194401122,184.5390533720228,173.71375209211865,163.21120420738504,153.03864213189374,143.20176278906172,133.68443264917295,124.49796144612326,115.64232553338812,107.11547321499506,98.91604100319975,91.04323545546328,83.49673814422016,76.27662852112772,69.38332075914023,62.81751161186736,56.579822591783376,50.66355483235589,45.07546013934679,39.81176577833512,34.87152728927713,30.25501406297393,25.961281399820646,21.99092114183377,18.34210728103052,15.01478021455808,12.007308571758598,9.319081689291032,6.94893180335613,4.895910778043688,3.1582734083489674,1.7765287921963702,0.7895683520873394,0.19739208802188649,0.0,0.1973920880216884,0.7895683520869489,1.77652879219578,3.1582734083481805,4.934802200544153,7.106115168783697,9.672212313066815,12.633093633393504,15.988759129763762,19.739208802177593,23.884442650635,28.424460675135972,33.35926287568052,38.68884925226863,44.41321980490032,50.532374533575585,57.04631343829441,63.955036519056826,71.25854377586279,78.95683520871233,87.04991081760545,95.53777060254214,104.42041456352241,113.69784270054623,123.37005501361365,133.4370515027246,143.89883216787916,154.75539700907729,166.00674602631898,177.65287921960422,189.69379658893305,202.12949813430546,214.95998385572145,228.185253753181,241.80530782668413,255.82014607623077,270.22976850182107,285.00434104907123,300.0554883701084,315.3938410399156,331.0299805484534,346.9708214960993,363.22145138020954,379.78384410355187,396.6611343902914,413.85579075384857,431.3693100443809,449.2034908117783,467.35897105777406,485.8358451364308,504.6357890268424,523.7611393873923,543.2113064720821,562.9860343743542,583.0854644089549,603.5102124661634,624.2614642547732,645.3410936719008,666.7518113884781,688.4846257241323,710.5446517833896,732.9424898944394,755.6551739721629,778.7069583478365,802.0812251232328,825.7905698655419,849.8225966009769,874.1956374733909,898.8815829421853,923.9177608287895,949.2637403429331,974.9490750103454,1000.9789358443696,1027.3095488238284,1053.9885831645297,1081.0148283580086,1108.3343365231433,1136.0013546098912,1164.015882618252,1192.3472399257391,1220.9965012808073,1249.9923573902752,1279.3348082541427,1308.9942031005019,1338.9656205376705,1369.282713992447,1399.945483464832,1430.9539289548247,1462.2577629875295,1493.8884619410842
0.6,824.3822836450273,800.9926021328428,777.9517732779246,755.2597970802735,732.9166735398888,710.9134491502629,689.1975053340988,667.831281801913,646.8147785537054,626.147995589476,605.8309329092248,585.8432943727615,566.1606091567254,546.8285078402284,527.8469904232709,509.2160569058522,490.91165882301544,472.9213950413753,455.28257461753134,437.9951975514839,421.0490551619782,404.4077447139243,388.1187327775513,372.1820193528592,356.56971460011533,341.2844309279354,326.3522964690285,311.75764285214564,297.4814194398062,283.55919134133535,269.96850029620975,256.7066362902307,243.79960894829966,231.2049189089182,218.9626788828395,207.04759651919431,195.4737042249548,184.2314636784471,173.32945693084574,162.75579537448684,152.52847482989537,142.6217895615714,133.0572925024083,123.83166423336809,114.9309244745399,106.36737132306529,98.13929456584377,90.24518055628457,82.68407952813232,75.45551086457472,68.55938624633468,61.99594676800946,55.7657110668049,49.866823052545605,44.29778878383723,39.06114115959865,34.155357012318305,29.578012224985763,25.33063308563909,21.410823296679297,17.820527397563538,14.556572555695972,11.618272252625538,9.005604978774597,6.7167846034329655,4.750079280916609,3.103670229894524,1.7752986504197763,0.7895683520873372,0.19739208802188538,-3.3483537580882865e-15,0.1973920880216878,0.7895683520869504,1.7765287921957764,3.1582734083481814,4.934802200544154,7.106115168783698,9.672212313066817,12.633093633393504,15.988759129763764,19.739208802177597,23.884442650635,28.42446067513597,33.359262875680514,38.68884925226863,44.41321980490033,50.53237453357559,57.04631343829441,63.95503651905682,71.2585437758628,78.95683520871232,87.04991081760545,95.53777060254215,104.42041456352241,113.69784270054625,123.37005501361365,133.43705150272464,143.89883216787916,154.75539700907729,166.00674602631898,177.65287921960424,189.69379658893308,202.1294981343055,214.95998385572145,228.18525375318103,241.80530782668413,255.82014607623086,270.22976850182107,285.03417510345486,300.2333658811323,315.8273408348533,331.8160999646178,348.19964327042595,364.9779707522776,382.15108241017293,399.7189782441117,417.55752005094297,435.59446174642676,453.91142941554006,472.5264344088921,491.4497321829069,510.68605397607223,530.2407297719194,550.1161422023051,570.3157729954289,590.838061620844,611.6899669280461,632.8658194335543,654.3707024489368,676.2055864893782,698.3711096495349,720.868473869153,743.698812464639,766.8543110581385,790.3443272096081,814.172583474983,838.3285252506942,862.8177967998585,887.648860918551,912.8009659539863,938.3035429419933,964.1222473217579,990.2927035803394,1016.7842777164458,1043.6189567478932,1070.7929318313318,1098.2881554554922,1126.1373743935212,1154.3104396698548,1182.8156584435292,1211.6740264304767,1240.8592134293842,1270.369008011522,1300.231101105341,1330.4454927108402,1360.9582377993756,1391.8186007514216,1423.030407061264,1454.5936567289023,1486.4575415863842,1518.6612735021433
0.7,832.1367257255914,808.4198581807269,785.0576504980165,762.0501026774592,739.3972147190559,717.060479570046,695.0493493007633,673.3936814141946,652.09347591034,631.1487327891996,610.5594520507732,590.2899754329809,570.349182037495,550.7646486359023,531.5363752282024,512.6643618143954,494.11945155914185,475.90180374360335,458.0412084861006,440.5376657866338,423.38291732695126,406.53877993620387,390.0524824829166,373.9240249670891,358.1338900665149,342.66983475694275,327.56440144191384,312.8142973150347,298.37744181154585,284.2999848998741,270.5755100692482,257.1707711904772,244.12620190376538,231.41863891734434,219.0508910296019,207.03653262442606,195.34891178032566,184.02060602307668,173.01639008705104,162.36946666663428,152.0519046657146,142.08361975381578,132.45593082350499,123.16505148289306,114.22072068540714,105.61691204524826,97.34846029703895,89.42270829602522,81.83797001405227,74.59311620290934,67.68748000928746,61.12078045121241,54.89305985215238,49.00463228246281,43.45362832354546,38.238608210341084,33.36266208492119,28.821966549146413,24.61675706759485,20.747118409014394,17.211952961007885,14.008775532972313,11.138287882070873,8.59868373906839,6.3877115124173285,4.503921286600262,2.944733441497143,1.7065498677673097,0.7856782590074857,0.19739208802187702,-7.812825435539335e-15,0.19739208802168756,0.7895683520869435,1.7765287921957762,3.158273408348178,4.934802200544154,7.106115168783697,9.672212313066815,12.633093633393505,15.988759129763764,19.739208802177597,23.884442650635,28.424460675135975,33.35926287568052,38.68884925226864,44.41321980490033,50.53237453357559,57.046313438294426,63.95503651905682,71.25854377586279,78.95683520871233,87.04991081760546,95.53777060254214,104.4204145635224,113.69784270054626,123.37005501361362,133.43705150272461,143.89883216787914,154.75539700907726,166.00674602631898,177.65287921960424,189.69379658893305,202.12949813430546,214.95998385572145,228.185253753181,241.8053078266841,255.82014607623083,270.22976850182107,285.0341751034549,300.2333658811323,315.8273408348533,331.8160999646179,348.19964327042595,364.9779707522777,382.1510824101729,399.71897824411167,417.68165825409415,436.0391224401201,454.79137080218965,473.9384033403027,493.48022005445944,513.4168209446598,533.7482060109035,554.4743752531909,575.5953286715219,597.1110662658966,619.0215880363146,641.3268939827763,663.6570256182248,686.1014595216241,708.8554242844783,731.9264858396621,755.321010332872,779.0405527177351,803.0907489564823,827.4733612917217,852.188511029299,877.2367829118406,902.6193201360799,928.3379424305314,954.3952942610897,980.7950328541552,1007.5233498687073,1034.5948562022909,1062.0100905405118,1089.7552947193628,1117.8540418559228,1146.2768026046044,1175.0556285733205,1204.1622893424683,1233.6177319187302,1263.417876078556,1293.5464459603704,1324.0344144340013,1354.8521240669904,1386.008928048036,1417.5243540236252,1449.3729521711305,1481.5528862123913,1514.0906601911124,1546.986274107293
0.8,841.1187877513426,817.0324760124662,793.3073621043638,769.943446027035,746.9323273676277,724.2257743580994,701.881150388881,679.8984554599723,658.2776895713732,637.0188527230844,616.1219449151049,595.5319219682434,575.2993279919311,555.429388315136,535.9221029378573,516.7774718600955,497.9581935886579,479.48330309439353,461.37178607877763,443.6236425418101,426.2302143291578,409.1564613686694,392.44679485709906,376.1012147944464,360.10686885389225,344.440276065488,329.13847635970166,314.20146973653357,299.59027690477313,285.3367991771301,271.4488147027329,257.8906650216999,244.6900006408279,231.85112601742068,219.3408408958134,207.19742948024174,195.3935817332657,183.94425592908556,172.84364532745957,162.09139066912394,151.68887605859805,141.63664317103309,131.92898569786504,122.57882298317978,113.56513798427552,104.90530704638229,96.59685493768127,88.63051669039355,81.01176325914533,73.74149352832816,66.81837735093332,60.24153935312237,54.010482778143626,48.12502727657768,42.58525769889616,37.3905967278371,32.53680823380393,28.02962138537941,23.861815524950767,20.036934750369515,16.552652724941908,13.407820694329283,10.600813422077026,8.13007748332501,5.992606130316862,4.187172976250477,2.7095786822931824,1.5558921833520207,0.7204097655015821,0.19510445636768953,0.0,0.19739208802168784,0.7895683520869478,1.7765287921957786,3.1582734083481814,4.934802200544154,7.106115168783697,9.672212313066815,12.633093633393504,15.988759129763764,19.739208802177593,23.884442650635,28.424460675135975,33.359262875680514,38.68884925226864,44.41321980490033,50.53237453357559,57.04631343829442,63.95503651905682,71.25854377586279,78.95683520871233,87.04991081760546,95.53777060254214,104.4204145635224,113.69784270054623,123.37005501361364,133.43705150272464,143.89883216787916,154.75539700907729,166.00674602631898,177.65287921960424,189.69379658893308,202.1294981343055,214.95998385572145,228.185253753181,241.80530782668413,255.82014607623083,270.22976850182107,285.0341751034549,300.23336588113233,315.8273408348533,331.8160999646178,348.199643270426,364.97797075227766,382.151082410173,399.7189782441118,417.6816582540941,436.0391224401202,454.7913708021897,473.9384033403028,493.4802200544595,513.4168209446597,533.7482060109036,554.474375253191,575.595328671522,597.1110662658966,619.0215880363147,641.3268939827764,664.0269841052816,687.1218584038304,710.6115168784228,734.4959595290588,758.7751863557384,783.4491973584616,808.5179925372282,833.9815718920386,859.8399354228923,886.0930831297898,912.7410150127309,939.7837310717155,967.2212313067434,995.0535157178151,1023.2805843049302,1051.902437068089,1080.9190740072916,1109.9912258365825,1138.8080191258996,1167.9607869833276,1197.4511861299525,1227.2816928306797,1257.4557907260703,1287.9782118524195,1318.8355883176,1350.0421581429716,1381.5966201922186,1413.4911654297375,1445.7394724444675,1478.3282835823845,1511.2671604903214,1544.559745972174,1578.1858844197407
0.9,851.328302040586,826.8329963160659,802.7061043482629,778.9476261371766,755.5053851680104,732.4222899911349,709.7082633129755,687.3633051335322,665.3874154528052,643.7805942707945,622.5213239018177,601.5955683410917,581.0395288928354,560.853205557049,541.036598333732,521.5897072228846,502.4637362639763,483.70350320624357,465.31362662356224,447.29410651593224,429.63309607017806,412.3044678187612,395.34682903290786,378.76017971261757,362.5360749464582,346.6444861547389,331.124512328313,315.97615346718095,301.1716456012071,286.72244911352567,272.64548548372045,258.92047182683694,245.54609375574705,232.54455871410966,219.888585866317,207.59300512407629,195.66449433776995,184.07758653943955,172.86471850878465,161.9929343575127,151.49200344461065,141.33606682049933,131.54970100043323,122.10583567885553,113.02837106738257,104.30251206857477,95.93169407015651,87.92063541383864,80.26307731875742,72.95705823900468,66.00732382557136,59.41232321977393,53.17095187841713,47.282475818796776,41.746469798071644,36.56276649011088,31.731414418286953,27.247308037080494,23.114689472805207,19.329166842986663,15.891726044617647,12.79950869235484,10.050813990637547,7.644803428005078,5.576516951920286,3.8439586501631022,2.4429327566407464,1.3675899689956508,0.6101109622632896,0.15927632596844463,2.511265318566215e-15,0.1973920880216895,0.7895683520869489,1.7765287921957782,3.1582734083481796,4.934802200544153,7.106115168783697,9.672212313066817,12.633093633393505,15.988759129763762,19.739208802177593,23.884442650635,28.424460675135972,33.35926287568052,38.68884925226864,44.41321980490032,50.532374533575585,57.04631343829442,63.95503651905682,71.25854377586279,78.95683520871235,87.04991081760545,95.53777060254214,104.42041456352241,113.69784270054623,123.37005501361364,133.43705150272461,143.89883216787916,154.7553970090773,166.00674602631898,177.65287921960424,189.69379658893305,202.12949813430546,214.95998385572145,228.185253753181,241.8053078266841,255.8201460762308,270.22976850182107,285.0341751034549,300.23336588113233,315.8273408348533,331.8160999646178,348.19964327042595,364.9779707522777,382.1510824101729,399.7189782441118,417.68165825409415,436.0391224401201,454.79137080218965,473.93840334030284,493.4802200544595,513.4168209446597,533.7482060109036,554.474375253191,575.595328671522,597.1110662658965,619.0215880363146,641.3268939827764,664.0269841052816,687.1218584038304,710.6115168784229,734.4959595290588,758.7751863557384,783.4491973584616,808.5179925372282,833.9815718920385,859.8399354228924,886.0930831297898,912.7410150127308,939.7837310717154,967.2212313067433,995.053515717815,1023.2805843049304,1051.9024370680893,1080.9190740072918,1110.3304951225377,1140.1367004138272,1170.33768988116,1200.9334635245368,1231.9240213439573,1263.3093633394212,1295.0894895109284,1327.2643998584792,1359.834094382074,1392.798573081712,1426.1578359573937,1459.9118830091193,1494.0607142368879,1528.6043296407001,1563.5427292205563,1598.8759129764558
1.0,862.7608328087867,837.8196857167939,813.2547943398234,789.0231646417635,765.1525667735631,741.6587986865773,718.5418603808055,695.801751856248,673.438473112905,651.4520241507761,629.7897795694803,608.5033111264769,587.594238095819,567.0625604775072,546.9082782715412,527.1179365342367,507.6680821604872,488.5961802775558,469.90223088544195,451.58623398414625,433.6300698497448,416.0228544418228,398.79413993608813,381.94392633254085,365.4655170653639,349.3278033049709,333.5691300799447,318.1894973902852,303.17009695728905,288.50660259359364,274.2226795127253,260.31140218675796,246.7466527122016,233.56199627844856,220.7474726785531,208.28496034896818,196.20305372888387,184.4779589384056,173.12110097354477,162.13482996700327,151.50536394198707,141.25176012116594,131.35197993125917,121.82673302911233,112.65888242893885,103.8591164513728,95.42538834644213,87.34934877156459,79.64174114099617,72.29869764000695,65.3121625494618,58.689959108474106,52.430297327539726,46.5318242779339,40.99354876595095,35.81477992903949,30.995076824850404,26.53420677806876,22.427773988998062,18.677740336339927,15.28103714179698,12.237094869223956,9.542472583617144,7.194867153245296,5.1915460935357505,3.527350312369213,2.197628083076926,1.1937428042077425,0.5061734078163889,0.11805404032135872,0.0,0.1973920880216884,0.7895683520869489,1.77652879219578,3.1582734083481805,4.934802200544153,7.106115168783697,9.672212313066815,12.633093633393504,15.988759129763762,19.739208802177593,23.884442650635,28.424460675135972,33.35926287568052,38.68884925226863,44.41321980490032,50.532374533575585,57.04631343829441,63.955036519056826,71.25854377586279,78.95683520871233,87.04991081760545,95.53777060254214,104.42041456352241,113.69784270054623,123.37005501361365,133.4370515027246,143.89883216787916,154.75539700907729,166.00674602631898,177.65287921960422,189.69379658893305,202.12949813430546,214.95998385572145,228.185253753181,241.80530782668413,255.82014607623077,270.22976850182107,285.0341751034549,300.2333658811323,315.8273408348533,331.8160999646178,348.19964327042595,364.97797075227766,382.1510824101729,399.7189782441117,417.68165825409415,436.0391224401201,454.7913708021897,473.9384033403028,493.48022005445944,513.4168209446598,533.7482060109036,554.474375253191,575.595328671522,597.1110662658965,619.0215880363146,641.3268939827764,664.0269841052816,687.1218584038303,710.6115168784229,734.4959595290587,758.7751863557384,783.4491973584614,808.5179925372281,833.9815718920385,859.8399354228922,886.0930831297896,912.7410150127306,939.7837310717154,967.2212313067434,995.053515717815,1023.2805843049302,1051.902437068089,1080.9190740072916,1110.3304951225375,1140.1367004138272,1170.3376898811603,1200.933463524537,1231.924021343957,1263.309363339421,1295.0894895109284,1327.2643998584795,1359.8340943820738,1392.798573081712,1426.157835957394,1459.9118830091188,1494.0607142368879,1528.6043296407001,1563.5427292205563,1598.8759129764558
1.1,875.4085009866084,849.9873047517639,824.9044060995718,800.1979072586912,775.8765721576516,751.940400796453,728.3893931750952,705.2235492935785,682.4428691519024,660.0099755127239,637.9490153858729,616.2736991541881,594.9840268176695,574.0799983763171,553.5616138301311,533.3935977975781,513.5993374472686,494.1911911723144,475.1691589727155,456.5332408484719,438.2557812889488,420.3478006062221,402.82639409415646,385.69156175275197,368.9354201763635,352.5317758424526,336.51515558444567,320.88555940234306,305.6305117273161,290.7352600217742,276.2274720069555,262.10714768286,248.34032813941047,234.95740914419576,221.9623830688102,209.32409266450358,197.06901696335922,185.19715952572108,173.68409376917427,162.55974787927377,151.80057330510488,141.42063746208458,131.41372195063062,121.78013024233832,112.52056241496035,103.63519044312676,95.11946230516142,86.98396437598919,79.20982185780571,71.81282981197188,64.7899767139922,58.132498530630706,51.84570751543827,45.929414314951465,40.381999598325095,35.20219621438091,30.38902822701692,25.941760939262615,21.859859677903483,18.13756757991712,14.77839715719253,11.77618682651083,9.130810971577048,6.838195900120192,4.894450537540874,3.2935334382395927,2.0280314877238665,1.0893266685739658,0.46099416813052274,0.11734645467804218,0.0,0.197392088021687,0.7895683520869475,1.7765287921957769,3.1582734083481783,4.934802200544151,7.106115168783697,9.672212313066815,12.633093633393504,15.988759129763764,19.739208802177593,23.884442650635,28.424460675135975,33.359262875680514,38.68884925226863,44.41321980490032,50.53237453357558,57.04631343829441,63.95503651905682,71.25854377586279,78.95683520871233,87.04991081760544,95.53777060254215,104.4204145635224,113.69784270054622,123.37005501361365,133.43705150272461,143.89883216787916,154.75539700907726,166.00674602631898,177.65287921960424,189.69379658893305,202.12949813430546,214.95998385572145,228.185253753181,241.80530782668407,255.8201460762308,270.22976850182107,285.0341751034549,300.2333658811323,315.8273408348532,331.8160999646178,348.19964327042595,364.9779707522776,382.15108241017293,399.7189782441118,417.6816582540941,436.03912244012014,454.7913708021896,473.9384033403028,493.48022005445944,513.4168209446597,533.7482060109036,554.474375253191,575.5953286715219,597.1110662658965,619.0215880363146,641.3268939827763,664.0269841052814,687.1218584038304,710.6115168784228,734.4959595290587,758.7751863557384,783.4491973584616,808.5179925372281,833.9815718920383,859.8399354228923,886.0930831297896,912.7410150127306,939.7837310717152,967.2212313067433,995.053515717815,1023.2805843049302,1051.902437068089,1080.9190740072913,1110.3304951225375,1140.1367004138272,1170.33768988116,1200.9334635245368,1231.924021343957,1263.3093633394212,1295.0894895109282,1327.2643998584792,1359.834094382074,1392.798573081712,1426.157835957394,1459.9118830091193,1494.0607142368879,1528.6043296407001,1563.5427292205563,1598.8759129764558
1.2,889.2495227450476,863.2654341970342,837.6753694166208,812.4793284038076,787.6773111585943,763.2693176809814,739.2553479709685,715.6354020285554,692.3761183996878,669.4969891559482,647.0122755946852,624.9219777158991,603.2260955195895,581.9246290057569,561.0009894295657,540.4441298687086,520.2820663970384,500.51479901455525,481.14232772125894,462.16465251714965,443.5412264583352,425.311796291053,407.47753100447306,390.0384305985954,372.98230976316665,356.29422384479017,340.00165988220743,324.1046178754186,308.5940732741341,293.4507057962166,278.70320553763474,264.35157249838886,250.37212176656115,236.77671239763816,223.57750361132807,210.75764281948656,198.31677317895318,186.27242550205114,174.60271672032673,163.31873422132443,152.42744391148258,141.90546502931642,131.78061463356104,122.02692275700466,112.6659325509635,103.67912500372944,95.08348682996906,86.85939210310889,79.02496228049742,71.56603610332816,64.48786617227732,57.792600861408545,51.4746135669943,45.53195276698303,39.967820214734246,34.780313130211795,29.96787067015757,25.529213420502774,21.463293873422955,17.766473868919096,14.436993373765844,11.47413538182094,8.873702075735604,6.630325524338442,4.7398804874807645,3.19622301321837,1.9898527279137572,1.1054714524277431,0.5206631228496815,0.1812294007519657,-3.348353758088287e-15,0.19739208802168787,0.7895683520869456,1.7765287921957782,3.158273408348181,4.934802200544153,7.106115168783699,9.672212313066815,12.633093633393504,15.988759129763764,19.739208802177593,23.884442650635,28.424460675135975,33.359262875680514,38.68884925226864,44.41321980490033,50.532374533575585,57.04631343829441,63.95503651905681,71.25854377586279,78.95683520871233,87.04991081760546,95.53777060254215,104.42041456352241,113.69784270054626,123.37005501361364,133.43705150272461,143.8988321678792,154.75539700907729,166.00674602631898,177.65287921960424,189.69379658893308,202.1294981343055,214.95998385572145,228.185253753181,241.80530782668416,255.8201460762308,270.2297685018211,285.0341751034549,300.23336588113233,315.8273408348533,331.8160999646179,348.199643270426,364.9779707522777,382.15108241017293,399.7189782441117,417.6816582540942,436.0391224401201,454.7913708021897,473.9384033403028,493.48022005445955,513.4168209446598,533.7482060109036,554.474375253191,575.5953286715219,597.1110662658966,619.0215880363146,641.3268939827764,664.0269841052816,687.1218584038304,710.6115168784228,734.4959595290588,758.7751863557384,783.4491973584614,808.5179925372281,833.9815718920385,859.8399354228923,886.0930831297898,912.7410150127307,939.7837310717152,967.2212313067434,995.053515717815,1023.2805843049304,1051.902437068089,1080.9190740072916,1110.3304951225377,1140.136700413827,1170.3376898811603,1200.933463524537,1231.924021343957,1263.3093633394212,1295.0894895109284,1327.2643998584795,1359.834094382074,1392.7985730817122,1426.157835957394,1459.9118830091193,1494.0607142368879,1528.6043296407001,1563.5427292205566,1598.8759129764558
1.3,904.2146337926231,877.6941310430774,851.5769945232558,825.8632242331586,800.5528201727856,775.6457823421368,751.1421107412123,727.0008300630384,703.2603213872354,679.9234804686859,656.9903073073906,634.4608019033493,612.3349642565618,590.6045180101371,569.2450106647916,548.289459463327,527.7378644057433,507.5902254920404,487.8465427222184,468.4885752925196,449.51421538672633,430.9440867641261,412.7781894247191,395.01652336850503,377.639374042047,360.64958445037007,344.0642879345051,327.88348449445203,312.09853704388973,296.6917628369638,281.6897300597899,267.09243871236794,252.88357198862047,239.06233545874602,225.646075189658,212.62941691595788,199.99088726915878,187.75755511517667,175.92261125643685,164.46858308764234,153.41995997709506,142.75904443414314,132.491195322796,122.62232256842631,113.13643326440487,104.05346795844103,95.35064708861563,87.04878940960812,79.13006796730104,71.60554419621215,64.47187518197738,57.721700080538106,51.36324042476954,45.393429005522336,39.80671488733701,34.60424404766513,29.786135424860912,25.350517555728132,21.295789990209805,17.61679166988004,14.31374223104548,11.38420484203085,8.82312505912944,6.624519983166402,4.782224271203233,3.289120425325387,2.131352767547025,1.2875925036583082,0.7128026885889297,0.19739208802187846,0.0,0.19739208802168257,0.7895683520869443,1.7765287921957742,3.158273408348179,4.934802200544152,7.106115168783698,9.672212313066817,12.633093633393504,15.988759129763764,19.739208802177597,23.884442650635002,28.424460675135972,33.35926287568052,38.68884925226864,44.41321980490033,50.532374533575585,57.04631343829441,63.95503651905681,71.2585437758628,78.95683520871235,87.04991081760546,95.53777060254215,104.42041456352243,113.69784270054623,123.37005501361365,133.43705150272461,143.8988321678792,154.75539700907729,166.00674602631895,177.65287921960424,189.69379658893308,202.1294981343055,214.95998385572142,228.18525375318097,241.8053078266841,255.82014607623083,270.22976850182107,285.03417510345486,300.23336588113233,315.82734083485326,331.8160999646178,348.19964327042595,364.9779707522776,382.1510824101728,399.7189782441117,417.68165825409415,436.03912244012014,454.7913708021897,473.9384033403028,493.48022005445944,513.4168209446597,533.7482060109035,554.4743752531909,575.595328671522,597.1110662658966,619.0215880363145,641.3268939827764,664.0269841052816,687.1218584038304,710.6115168784228,734.4959595290587,758.7751863557384,783.4491973584614,808.5179925372281,833.9815718920385,859.8399354228923,886.0930831297898,912.7410150127306,939.7837310717152,967.2212313067432,995.053515717815,1023.2805843049302,1051.9024370680888,1080.9190740072916,1110.3304951225375,1140.136700413827,1170.33768988116,1200.933463524537,1231.924021343957,1263.309363339421,1295.0894895109282,1327.2643998584792,1359.8340943820735,1392.7985730817118,1426.157835957394,1459.911883009119,1494.0607142368876,1528.6043296407001,1563.542729220556,1598.8759129764555
1.4,920.3566017235346,893.27276034068,866.6020696322139,840.3445295981361,814.5001402384465,789.0482196148379,763.9902799414624,739.3457004519789,715.1144811463872,691.2966220246876,667.8921230868797,644.9009843329638,622.3124421277041,600.1105020311521,578.3221167654124,556.9472863304849,535.9860107263696,515.4382899530667,495.2985751941089,475.54239392954804,456.19994717219606,437.27123492205254,418.7562571791177,400.65501394339157,382.9369647714519,365.62940084140837,348.7357360247574,332.25597032149955,316.17866094311734,300.49421215292455,285.22381192108065,270.3674602475855,255.9131181796533,241.8535766666005,228.20821791370645,214.9770419209714,202.13277836458894,189.69976004677918,177.68104337540558,166.05243595721026,154.83297402083406,144.02535524612264,133.60603989629107,123.60121777958898,113.99260395169676,104.78880595071037,95.98664745176093,87.58457554902606,79.58336264835057,71.98363096504401,64.77884412586216,57.97811469826225,51.5698519299086,45.55823242124964,39.943766924514364,34.72358632684158,29.895214405268852,25.4564943345426,21.405529059267096,17.740632640410748,14.460290372986067,11.557227174476422,9.029895434482004,6.870019233976049,5.070867869126829,3.6191831035925435,2.4960101842207587,1.6633176791062314,0.7895683520873323,0.19739208802187702,-7.812825435539335e-15,0.19739208802168756,0.7895683520869435,1.7765287921957762,3.158273408348178,4.934802200544154,7.106115168783697,9.672212313066815,12.633093633393505,15.988759129763764,19.739208802177597,23.884442650635,28.424460675135975,33.35926287568052,38.68884925226864,44.41321980490033,50.53237453357559,57.046313438294426,63.95503651905682,71.25854377586279,78.95683520871233,87.04991081760546,95.53777060254214,104.4204145635224,113.69784270054626,123.37005501361362,133.43705150272461,143.89883216787914,154.75539700907726,166.00674602631898,177.65287921960424,189.69379658893305,202.12949813430546,214.95998385572145,228.185253753181,241.8053078266841,255.82014607623083,270.22976850182107,285.0341751034549,300.2333658811323,315.8273408348533,331.8160999646179,348.19964327042595,364.9779707522777,382.1510824101729,399.71897824411167,417.68165825409415,436.0391224401201,454.79137080218965,473.9384033403027,493.48022005445944,513.4168209446598,533.7482060109035,554.4743752531909,575.5953286715219,597.1110662658966,619.0215880363146,641.3268939827763,664.0269841052815,687.1218584038304,710.6115168784228,734.4959595290587,758.7751863557385,783.4491973584613,808.5179925372281,833.9815718920385,859.8399354228923,886.0930831297898,912.7410150127307,939.7837310717152,967.2212313067433,995.0535157178151,1023.2805843049302,1051.902437068089,1080.9190740072916,1110.3304951225373,1140.136700413827,1170.33768988116,1200.933463524537,1231.924021343957,1263.3093633394208,1295.0894895109284,1327.2643998584792,1359.8340943820738,1392.7985730817118,1426.157835957394,1459.9118830091188,1494.0607142368874,1528.6043296407001,1563.5427292205563,1598.8759129764558
1.5,937.6641605584222,909.9921318966046,882.7434431147875,855.8970754390258,829.4593684859724,803.4451176999338,777.8543230809097,752.6869846289003,727.9431023439056,703.6226762259257,679.7257062749604,656.2277805873747,633.1439347194749,610.4836446427153,588.2469103570961,566.4337318626172,545.0441091592785,524.0751221861801,503.50030983763753,483.34913612987737,463.62160106289986,444.3177046367048,425.4374468512923,406.96712565589365,388.9031385112539,371.2628559804059,354.04627806334946,337.2534047600846,320.8666971999611,304.8912774836894,289.339611385362,274.2116989049788,259.4965441820432,245.18703993973583,231.30132126886122,217.83938816941924,204.78111654293446,192.13838259735874,179.91944905514552,168.11066191521712,156.7115558261672,145.73624779137347,135.16686026399702,125.0118764367291,115.27677335826084,105.94251506306661,97.03199840306227,88.52104427276852,80.43150208075325,72.74150611425905,65.46945467560857,58.59879662166551,52.13774285391359,46.08577400264607,40.43441589719942,35.18597055306953,30.339911924487904,25.893438219789207,21.844054921387475,18.189515632500324,14.922727163651896,12.043682066527227,9.543078018665323,7.4160526297268206,5.6482971506261705,4.224410230855096,3.1099914233137533,1.7765287921963593,0.7895683520873299,0.19739208802187957,0.0,0.19739208802168492,0.7895683520869448,1.7765287921957753,3.1582734083481765,4.934802200544154,7.106115168783698,9.672212313066813,12.633093633393505,15.988759129763764,19.739208802177597,23.884442650635,28.424460675135975,33.359262875680514,38.68884925226863,44.413219804900315,50.53237453357558,57.046313438294426,63.955036519056826,71.25854377586279,78.95683520871235,87.04991081760544,95.53777060254215,104.4204145635224,113.69784270054625,123.37005501361364,133.43705150272461,143.89883216787916,154.75539700907729,166.00674602631898,177.65287921960422,189.69379658893305,202.12949813430546,214.95998385572148,228.18525375318097,241.8053078266841,255.8201460762308,270.229768501821,285.03417510345486,300.23336588113233,315.82734083485326,331.8160999646178,348.19964327042595,364.9779707522777,382.15108241017293,399.7189782441117,417.68165825409415,436.03912244012014,454.7913708021896,473.93840334030284,493.4802200544594,513.4168209446598,533.7482060109035,554.4743752531909,575.5953286715219,597.1110662658965,619.0215880363146,641.3268939827764,664.0269841052815,687.1218584038304,710.6115168784228,734.4959595290588,758.7751863557384,783.4491973584614,808.517992537228,833.9815718920385,859.8399354228922,886.0930831297896,912.7410150127306,939.7837310717152,967.2212313067433,995.0535157178149,1023.2805843049302,1051.902437068089,1080.9190740072916,1110.3304951225375,1140.136700413827,1170.33768988116,1200.9334635245368,1231.9240213439573,1263.3093633394208,1295.0894895109284,1327.264399858479,1359.8340943820738,1392.7985730817118,1426.1578359573934,1459.9118830091188,1494.0607142368876,1528.6043296407001,1563.542729220556,1598.8759129764558
1.6,956.1149758038297,927.8006908602706,899.9203279132346,872.4738869627208,845.4613680087298,818.8827710512618,792.7380960903162,767.0273431258929,741.7505121579926,716.8878837755619,692.4490754017133,668.4441927006171,644.8732356722736,621.7362043166828,599.0330986338447,576.7639186237592,554.9179107249296,533.4877884836931,512.4915769419566,491.92927609972014,471.80088595698453,452.1064065137488,432.8395838314545,413.9849418336878,395.5641768059818,377.57728874833674,360.02427766075226,342.90514354322863,326.19288129130473,309.9141099757586,294.0691630490874,278.65804051129106,263.66743466061416,249.09708676818784,234.96049174784426,221.25764959958352,207.97224589267086,195.11040777774176,182.6822320109008,170.68125161949376,159.094235130399,147.94077139943568,137.21296647787491,126.90067069789123,117.02179897477913,107.55776197090744,98.51991956500022,89.90390568509123,81.70697310796504,73.93207258028038,66.5758204514697,59.636037237584446,53.118656255813335,47.010143187745,41.31805876266389,36.03995902257715,31.17238733251378,26.712253990850424,22.656763632565518,19.003356460572817,15.74966043848863,12.884104942734423,10.404711685657446,8.299678893366385,6.5511912282231455,4.934802200545132,3.1582734083489608,1.7765287921963624,0.7895683520873362,0.19739208802188202,0.0,0.19739208802168784,0.7895683520869478,1.7765287921957786,3.1582734083481814,4.934802200544154,7.106115168783697,9.672212313066815,12.633093633393504,15.988759129763764,19.739208802177593,23.884442650635,28.424460675135975,33.359262875680514,38.68884925226864,44.41321980490033,50.53237453357559,57.04631343829442,63.95503651905682,71.25854377586279,78.95683520871233,87.04991081760546,95.53777060254214,104.4204145635224,113.69784270054623,123.37005501361364,133.43705150272464,143.89883216787916,154.75539700907729,166.00674602631898,177.65287921960424,189.69379658893308,202.1294981343055,214.95998385572145,228.185253753181,241.80530782668413,255.82014607623083,270.22976850182107,285.0341751034549,300.23336588113233,315.8273408348533,331.8160999646178,348.199643270426,364.97797075227766,382.151082410173,399.7189782441118,417.6816582540941,436.0391224401202,454.7913708021897,473.9384033403028,493.4802200544595,513.4168209446597,533.7482060109036,554.474375253191,575.595328671522,597.1110662658966,619.0215880363147,641.3268939827764,664.0269841052816,687.1218584038304,710.6115168784228,734.4959595290588,758.7751863557384,783.4491973584616,808.5179925372282,833.9815718920386,859.8399354228923,886.0930831297898,912.7410150127309,939.7837310717155,967.2212313067434,995.0535157178151,1023.2805843049302,1051.902437068089,1080.9190740072916,1110.3304951225375,1140.136700413827,1170.33768988116,1200.9334635245368,1231.924021343957,1263.309363339421,1295.0894895109286,1327.2643998584795,1359.834094382074,1392.798573081712,1426.1578359573941,1459.9118830091193,1494.0607142368879,1528.6043296407001,1563.542729220556,1598.8759129764558
1.7,967.221231306757,939.7837310717287,912.7410150127438,886.0930831298025,859.839935422905,833.9815718920511,808.5179925372406,782.3343924344614,756.4804316112055,731.0711047994248,706.1064119991194,681.5863532102891,657.510928432934,633.8801376670542,610.6895094593638,587.9230431238564,565.6010973074958,543.7236720102826,522.2907672322164,501.30238297329726,480.75851923352553,460.6505505839908,440.9709980102127,421.7358317634095,402.9450518435814,384.59865825072836,366.69665098485046,349.22375798916164,332.1858809952744,315.5922353354095,299.44282100956707,283.737638017747,268.4576047066567,253.61626346414823,239.2189776739337,225.26574733601308,211.74059240566308,198.65086848573208,186.00500317316835,173.80020471987334,162.0175252054747,150.67848643011234,139.78163287901992,129.30529714840372,119.27236321975269,109.67280433772491,100.50192779719386,91.77184456329289,83.46249743408767,75.59431172315098,68.14584442979132,61.132851587503275,54.54449277255945,48.38062773782688,42.64360857884231,37.329258777112244,32.43310235158227,27.953578177937544,23.886581605911395,20.22875544236597,16.977804585410897,14.121235041548857,11.65342820044641,9.555770342803381,7.106115168784878,4.93480220054514,3.1582734083489608,1.7765287921963642,0.789568352087341,0.1973920880218815,-2.37175057864587e-15,0.19739208802168226,0.7895683520869473,1.776528792195776,3.158273408348177,4.934802200544151,7.106115168783697,9.672212313066815,12.633093633393502,15.988759129763764,19.739208802177597,23.884442650634995,28.424460675135972,33.359262875680514,38.68884925226863,44.41321980490033,50.53237453357559,57.04631343829441,63.95503651905682,71.25854377586279,78.95683520871233,87.04991081760546,95.53777060254214,104.4204145635224,113.69784270054626,123.37005501361365,133.4370515027246,143.89883216787916,154.7553970090773,166.00674602631895,177.65287921960422,189.69379658893308,202.12949813430546,214.95998385572145,228.18525375318103,241.80530782668413,255.8201460762308,270.22976850182107,285.0341751034549,300.2333658811323,315.82734083485326,331.8160999646179,348.19964327042595,364.97797075227766,382.15108241017293,399.71897824411167,417.6816582540941,436.0391224401202,454.79137080218965,473.9384033403027,493.48022005445944,513.4168209446597,533.7482060109036,554.4743752531909,575.5953286715218,597.1110662658965,619.0215880363146,641.3268939827763,664.0269841052815,687.1218584038304,710.6115168784229,734.4959595290587,758.7751863557382,783.4491973584613,808.5179925372281,833.9815718920385,859.8399354228923,886.0930831297896,912.7410150127305,939.7837310717154,967.2212313067432,995.053515717815,1023.2805843049302,1051.9024370680888,1080.9190740072916,1110.3304951225373,1140.136700413827,1170.33768988116,1200.9334635245368,1231.924021343957,1263.3093633394208,1295.0894895109284,1327.2643998584795,1359.8340943820738,1392.7985730817118,1426.1578359573934,1459.911883009119,1494.0607142368876,1528.6043296407001,1563.5427292205563,1598.8759129764558
1.8,967.221231306757,939.7837310717288,912.7410150127441,886.0930831298027,859.8399354229053,833.9815718920513,808.5179925372408,783.4491973584738,758.7751863557505,734.4959595290708,710.6115168784346,687.1218584038421,664.0269841052931,641.3268939827876,619.0215880363256,597.1110662659073,575.5953286715326,554.4743752532014,532.9158503277927,511.4873149833697,490.4934058091441,469.9547020714044,449.87120377015094,430.24291090538327,411.0698234771016,392.351941485306,374.0765157563218,356.247378153307,338.87318801499566,321.9539453413877,305.4896501324831,289.4739483717163,273.89748232296654,258.7756828653974,244.10854999900894,229.8960837238012,216.11903411209795,202.79321427434635,189.9217571732415,177.501886718371,165.51627795405997,153.98470502712783,142.90716793757454,132.26173941669268,122.06872440858089,112.32417214275286,103.0148739539397,94.15888849699583,85.73529463423452,77.76169115105088,70.22066700714068,63.12668404853119,56.46236975513074,50.237401203075635,44.44846390978783,39.08989459713403,34.15854915830672,29.65413346249652,25.570119494822443,21.902052632687063,18.645249016430252,15.787238127963487,12.63309363339507,9.672212313068187,7.106115168784881,4.934802200545131,3.1582734083489608,1.776528792196366,0.7895683520873357,0.1973920880218854,2.5112653185662153e-15,0.19739208802168953,0.789568352086949,1.7765287921957795,3.1582734083481823,4.934802200544153,7.106115168783698,9.672212313066815,12.633093633393504,15.988759129763762,19.739208802177593,23.884442650635,28.42446067513597,33.359262875680514,38.688849252268625,44.413219804900315,50.53237453357558,57.046313438294426,63.955036519056826,71.2585437758628,78.95683520871233,87.04991081760546,95.53777060254215,104.4204145635224,113.69784270054625,123.37005501361362,133.43705150272461,143.89883216787916,154.75539700907729,166.006746026319,177.65287921960424,189.69379658893305,202.12949813430546,214.95998385572142,228.18525375318097,241.80530782668407,255.82014607623083,270.22976850182107,285.0341751034549,300.2333658811323,315.82734083485326,331.8160999646178,348.19964327042595,364.97797075227766,382.15108241017293,399.7189782441117,417.6816582540941,436.03912244012014,454.79137080218965,473.9384033403028,493.48022005445944,513.4168209446598,533.7482060109036,554.474375253191,575.595328671522,597.1110662658966,619.0215880363146,641.3268939827763,664.0269841052816,687.1218584038304,710.6115168784229,734.4959595290588,758.7751863557384,783.4491973584617,808.5179925372283,833.9815718920386,859.8399354228922,886.0930831297896,912.7410150127307,939.7837310717155,967.2212313067433,995.0535157178151,1023.2805843049302,1051.902437068089,1080.9190740072918,1110.3304951225377,1140.1367004138272,1170.3376898811603,1200.933463524537,1231.924021343957,1263.3093633394212,1295.0894895109282,1327.2643998584795,1359.834094382074,1392.798573081712,1426.1578359573937,1459.911883009119,1494.060714236888,1528.6043296407001,1563.542729220556,1598.8759129764558
1.9,967.2212313067573,939.7837310717289,912.7410150127444,886.093083129803,859.8399354229052,833.9815718920514,808.5179925372408,783.4491973584738,758.7751863557506,734.4959595290709,710.6115168784347,687.1218584038421,664.0269841052932,641.3268939827879,619.0215880363259,597.1110662659074,575.5953286715327,554.4743752532014,533.7482060109138,513.4168209446698,493.4802200544694,473.93840334031245,454.79137080219925,436.03912244012935,417.6816582541033,399.7189782441207,382.15108241018163,364.00221422571207,346.28144710801524,329.02662816811755,312.23528921781576,295.89308172387456,280.01643613323046,264.60535244588357,249.65983066183384,235.17396427132215,221.13922365220296,207.56963360898774,194.46519414167653,181.81934396979946,169.62399809117645,157.8933663389809,146.62744871321286,135.804572567792,125.44581606082201,115.54696248990464,106.09416237524813,97.10512793401195,88.56112880553862,80.47618824195779,72.83630317075867,65.65353497001664,58.90991646322163,52.61655193870063,46.768611616789606,41.36139039646593,36.39021851426192,31.85225998013181,27.74266618821021,23.884442650637173,19.73920880217958,15.988759129765539,12.633093633395083,9.672212313068187,7.106115168784883,4.9348022005451435,3.1582734083489696,1.776528792196376,0.7895683520873418,0.19739208802188846,2.65078005848656e-15,0.19739208802168964,0.7895683520869494,1.7765287921957769,3.1582734083481805,4.934802200544153,7.106115168783697,9.672212313066815,12.633093633393502,15.98875912976376,19.739208802177593,23.884442650635,28.42446067513597,33.359262875680514,38.68884925226864,44.41321980490032,50.532374533575585,57.046313438294405,63.955036519056826,71.25854377586279,78.95683520871233,87.04991081760545,95.53777060254215,104.4204145635224,113.69784270054623,123.37005501361364,133.4370515027246,143.89883216787916,154.7553970090773,166.00674602631898,177.65287921960422,189.69379658893308,202.12949813430546,214.95998385572142,228.18525375318097,241.8053078266841,255.8201460762308,270.22976850182107,285.0341751034549,300.23336588113233,315.8273408348533,331.8160999646178,348.19964327042595,364.97797075227766,382.15108241017293,399.71897824411167,417.68165825409415,436.03912244012014,454.7913708021897,473.9384033403028,493.48022005445944,513.4168209446597,533.7482060109036,554.474375253191,575.595328671522,597.1110662658966,619.0215880363146,641.3268939827764,664.0269841052816,687.1218584038304,710.6115168784229,734.4959595290588,758.7751863557385,783.4491973584616,808.5179925372283,833.9815718920385,859.8399354228924,886.0930831297899,912.7410150127307,939.7837310717154,967.2212313067433,995.0535157178151,1023.2805843049304,1051.902437068089,1080.9190740072918,1110.3304951225377,1140.1367004138272,1170.3376898811603,1200.933463524537,1231.924021343957,1263.309363339421,1295.0894895109282,1327.2643998584795,1359.834094382074,1392.7985730817122,1426.1578359573937,1459.9118830091193,1494.0607142368879,1528.6043296407006,1563.5427292205563,1598.875912976456
2.0,967.221231306757,939.7837310717287,912.741015012744,886.0930831298027,859.839935422905,833.9815718920513,808.5179925372408,783.449197358474,758.7751863557505,734.4959595290708,710.6115168784347,687.121858403842,664.026984105293,641.3268939827875,619.0215880363256,597.1110662659074,575.5953286715326,554.4743752532014,533.7482060109137,513.4168209446697,493.4802200544693,473.9384033403124,454.79137080219914,436.0391224401293,417.6816582541031,399.71897824412065,382.1510824101815,364.9779707522861,348.1996432704341,331.8160999646259,315.8273408348611,300.23336588113995,285.0341751034624,270.2297685018283,255.82014607623785,241.12859546218465,226.8318614395546,213.0113275063206,199.66699366248272,186.78457360532843,174.37311298350224,162.43730612199036,150.97212658931377,139.96722725152554,129.43740803905442,119.3750974531271,109.774007680476,100.64739705449263,91.9745580303738,83.77428563162121,76.02755487802472,68.74819553050789,61.922081043694554,55.55296529418597,49.63884600998589,44.17475323710765,38.68884925227138,33.35926287568306,28.424460675138317,23.88444265063716,19.739208802179565,15.988759129765528,12.633093633395077,9.672212313068187,7.106115168784878,4.934802200545131,3.1582734083489674,1.7765287921963702,0.7895683520873394,0.19739208802188649,0.0,0.1973920880216884,0.7895683520869489,1.77652879219578,3.1582734083481805,4.934802200544153,7.106115168783697,9.672212313066815,12.633093633393504,15.988759129763762,19.739208802177593,23.884442650635,28.424460675135972,33.35926287568052,38.68884925226863,44.41321980490032,50.532374533575585,57.04631343829441,63.955036519056826,71.25854377586279,78.95683520871233,87.04991081760545,95.53777060254214,104.42041456352241,113.69784270054623,123.37005501361365,133.4370515027246,143.89883216787916,154.75539700907729,166.00674602631898,177.65287921960422,189.69379658893305,202.12949813430546,214.95998385572145,228.185253753181,241.80530782668413,255.82014607623077,270.22976850182107,285.0341751034549,300.2333658811323,315.8273408348533,331.8160999646178,348.19964327042595,364.97797075227766,382.1510824101729,399.7189782441117,417.68165825409415,436.0391224401201,454.7913708021897,473.9384033403028,493.48022005445944,513.4168209446598,533.7482060109036,554.474375253191,575.595328671522,597.1110662658965,619.0215880363146,641.3268939827764,664.0269841052816,687.1218584038303,710.6115168784229,734.4959595290587,758.7751863557384,783.4491973584614,808.5179925372281,833.9815718920385,859.8399354228922,886.0930831297896,912.7410150127306,939.7837310717154,967.2212313067434,995.053515717815,1023.2805843049302,1051.902437068089,1080.9190740072916,1110.3304951225375,1140.1367004138272,1170.3376898811603,1200.933463524537,1231.924021343957,1263.309363339421,1295.0894895109284,1327.2643998584795,1359.8340943820738,1392.798573081712,1426.157835957394,1459.9118830091188,1494.0607142368879,1528.6043296407001,1563.5427292205563,1598.8759129764558
2.1,967.221231306757,939.7837310717287,912.741015012744,886.0930831298028,859.8399354229052,833.9815718920512,808.5179925372407,783.4491973584737,758.7751863557505,734.4959595290707,710.6115168784347,687.1218584038421,664.026984105293,641.3268939827875,619.0215880363255,597.1110662659073,575.5953286715325,554.4743752532013,533.7482060109137,513.4168209446697,493.48022005446927,473.93840334031233,454.79137080219914,436.0391224401293,417.6816582541032,399.71897824412065,382.1510824101816,364.9779707522861,348.19964327043414,331.8160999646259,315.82734083486116,300.23336588114,285.0341751034624,270.2297685018283,255.82014607623788,241.80530782669103,228.18525375318768,214.95998385572796,202.1294981343118,189.69379658893914,177.65287921961013,166.0067460263247,154.75539700908283,143.89883216788445,133.43705150272973,123.37005501361858,113.69784270055095,104.42041456352695,95.53777060254647,87.04991081760959,78.95683520871624,71.25854377586653,63.95503651906037,57.04631343829775,50.53237453357873,44.41321980490327,38.68884925227137,33.35926287568307,28.424460675138313,23.88444265063716,19.739208802179558,15.988759129765535,12.633093633395065,9.67221231306819,7.106115168784878,4.934802200545127,3.158273408348966,1.7765287921963717,0.7895683520873381,0.1973920880218858,-2.9298095383272507e-15,0.19739208802168365,0.7895683520869455,1.7765287921957755,3.158273408348179,4.934802200544152,7.1061151687837,9.672212313066815,12.633093633393502,15.98875912976376,19.739208802177593,23.884442650635,28.42446067513597,33.359262875680514,38.68884925226863,44.41321980490032,50.53237453357558,57.04631343829441,63.95503651905682,71.25854377586279,78.95683520871233,87.04991081760545,95.53777060254214,104.4204145635224,113.69784270054623,123.37005501361364,133.43705150272461,143.8988321678792,154.75539700907726,166.00674602631898,177.65287921960422,189.69379658893305,202.1294981343055,214.95998385572148,228.18525375318103,241.80530782668407,255.82014607623083,270.22976850182107,285.03417510345486,300.23336588113233,315.82734083485326,331.8160999646179,348.19964327042595,364.97797075227766,382.1510824101729,399.7189782441117,417.6816582540941,436.03912244012014,454.79137080218965,473.9384033403028,493.4802200544595,513.4168209446597,533.7482060109037,554.474375253191,575.595328671522,597.1110662658966,619.0215880363147,641.3268939827763,664.0269841052816,687.1218584038303,710.6115168784228,734.4959595290588,758.7751863557384,783.4491973584616,808.5179925372282,833.9815718920385,859.8399354228923,886.0930831297896,912.7410150127306,939.7837310717151,967.2212313067432,995.0535157178151,1023.2805843049302,1051.902437068089,1080.9190740072916,1110.3304951225377,1140.136700413827,1170.33768988116,1200.9334635245368,1231.924021343957,1263.309363339421,1295.0894895109282,1327.2643998584792,1359.834094382074,1392.7985730817118,1426.1578359573937,1459.911883009119,1494.0607142368879,1528.6043296407004,1563.5427292205563,1598.8759129764558
2.2,967.2212313067571,939.7837310717287,912.741015012744,886.0930831298028,859.8399354229053,833.9815718920513,808.5179925372408,783.4491973584737,758.7751863557504,734.4959595290708,710.6115168784346,687.1218584038421,664.026984105293,641.3268939827874,619.0215880363257,597.1110662659073,575.5953286715326,554.4743752532014,533.7482060109138,513.4168209446697,493.4802200544694,473.9384033403123,454.79137080219914,436.03912244012935,417.6816582541031,399.7189782441206,382.15108241018146,364.97797075228607,348.19964327043414,331.8160999646259,315.82734083486116,300.23336588114,285.0341751034623,270.22976850182835,255.82014607623782,241.80530782669103,228.18525375318765,214.9599838557279,202.12949813431175,189.6937965889391,177.65287921961013,166.00674602632463,154.75539700908274,143.89883216788448,133.4370515027297,123.37005501361855,113.69784270055095,104.42041456352695,95.53777060254644,87.04991081760957,78.95683520871626,71.25854377586651,63.95503651906035,57.04631343829775,50.53237453357872,44.41321980490328,38.688849252271375,33.359262875683065,28.424460675138324,23.884442650637155,19.739208802179554,15.988759129765528,12.633093633395065,9.672212313068192,7.106115168784876,4.934802200545131,3.1582734083489625,1.7765287921963648,0.7895683520873404,0.19739208802188343,0.0,0.197392088021687,0.7895683520869475,1.7765287921957769,3.1582734083481783,4.934802200544151,7.106115168783697,9.672212313066815,12.633093633393504,15.988759129763764,19.739208802177593,23.884442650635,28.424460675135975,33.359262875680514,38.68884925226863,44.41321980490032,50.53237453357558,57.04631343829441,63.95503651905682,71.25854377586279,78.95683520871233,87.04991081760544,95.53777060254215,104.4204145635224,113.69784270054622,123.37005501361365,133.43705150272461,143.89883216787916,154.75539700907726,166.00674602631898,177.65287921960424,189.69379658893305,202.12949813430546,214.95998385572145,228.185253753181,241.80530782668407,255.8201460762308,270.22976850182107,285.0341751034549,300.2333658811323,315.8273408348532,331.8160999646178,348.19964327042595,364.9779707522776,382.15108241017293,399.7189782441118,417.6816582540941,436.03912244012014,454.7913708021896,473.9384033403028,493.48022005445944,513.4168209446597,533.7482060109036,554.474375253191,575.5953286715219,597.1110662658965,619.0215880363146,641.3268939827763,664.0269841052814,687.1218584038304,710.6115168784228,734.4959595290587,758.7751863557384,783.4491973584616,808.5179925372281,833.9815718920383,859.8399354228923,886.0930831297896,912.7410150127306,939.7837310717152,967.2212313067433,995.053515717815,1023.2805843049302,1051.902437068089,1080.9190740072913,1110.3304951225375,1140.1367004138272,1170.33768988116,1200.9334635245368,1231.924021343957,1263.3093633394212,1295.0894895109282,1327.2643998584792,1359.834094382074,1392.798573081712,1426.157835957394,1459.9118830091193,1494.0607142368879,1528.6043296407001,1563.5427292205563,1598.8759129764558
