,1.125,0.165,1.845,1.525,0.405,1.605,1.925,0.325,1.205,1.445,0.005,1.365,1.765,0.805,1.285,0.485,0.885,0.965,1.045,0.645,0.565,0.725,1.685,0.085,0.245
2.64,0.0034543056594807074,0.8568731941470412,0.0020218357415504773,0.00251494031864458,0.8397359737701579,0.0024706994765955853,0.0021766283187001512,0.8476960496171181,0.0030817118944458225,0.002561103135101877,0.8598626867408531,0.002778093526296502,0.0022814106478490554,0.007454321478429599,0.0028389692039589823,0.8286385262497776,0.0052879572216836,0.0043343583850114975,0.004050722504424857,0.7865165791287688,0.8117359497086399,0.7357815857909623,0.0022539163673329712,0.8590854864302683,0.8532839173306646
-1.44,0.7592394309063901,0.7216450023738983,0.007623678342509122,0.7609209595365403,0.7301783272965797,0.7602126650897263,0.007231775554049806,0.7268508517903141,0.7613161447649996,0.7626909234085273,0.7198663625964375,0.7624332532862556,0.009361860957523149,0.7486699036531392,0.7619914404421837,0.7334221651634582,0.7520897654555709,0.7546700749410116,0.7575968932999197,0.7414224127652372,0.7377354889137124,0.7450882107237062,0.013213299886933302,0.7202974945396193,0.7239294793952233
-2.16,0.8317119325537814,0.8221707028228674,0.006753693054723989,0.8302327221624377,0.8243892616571591,0.013652897419026285,0.006013245722846083,0.8234227172026686,0.8320456268425617,0.8305506662875091,0.8216129854522393,0.8316225381376798,0.008336417195680389,0.8295010024684031,0.8320497967329995,0.8254991794192641,0.8303332390976159,0.8310211106611294,0.8308644340501907,0.8273935474927916,0.8265660662804284,0.8287844270391782,0.009808661784373838,0.8217218400437261,0.8227343737829321
3.52,0.002794846079786191,0.9003226460990728,0.0017620840199436003,0.002012092355593588,0.8904144110087292,0.0020089667570663346,0.0017520230842428127,0.8944263803689022,0.0029590570284137737,0.002196743535226717,0.9021420882089292,0.0023509062830190178,0.0018306792604788954,0.010500009996552154,0.002544855112411864,0.8844619428597449,0.004979727041079691,0.004126697506635881,0.00317850083055194,0.8643170609060886,0.8761713153728827,0.8466761211964292,0.0018926165049811105,0.9016890341405506,0.8981464711592592
-3.2,0.8837505233072124,0.8895959612369673,0.004378576054598694,0.007900843065469341,0.8891216723799982,0.0062415947849562455,0.004040405002585587,0.8894707577303682,0.8831001768684704,0.011396549081609362,0.8896238236381145,0.8803915611561101,0.004704489357609144,0.8876665617507075,0.8818845031761191,0.8886935953120212,0.8856485785718516,0.8861333454512113,0.8852234657108671,0.8881873997009858,0.8888060282758136,0.8881551143979544,0.0052924983729118755,0.8896065192988407,0.8894770410516321
-3.44,0.8923392816448928,0.8991414073599481,0.00379940384708369,0.007003447802771378,0.8986595793041338,0.005563147477675818,0.003458822352764522,0.8988226413829022,0.8910167890078097,0.009203808579548564,0.8992576384936372,0.8877731788334646,0.004233157001665043,0.8962450167256043,0.8895174361222373,0.8983352629543498,0.8954090697428748,0.8946555449844712,0.8934994375257306,0.8974760837136895,0.8977217605359364,0.896330378212341,0.004703002080651585,0.8987185929780215,0.8990280206577422
3.84,0.0027435056567351943,0.9107863263381191,0.0016041815839088886,0.0018451810017936078,0.9019325434248108,0.0018587586628925489,0.0015340212174619788,0.9063243391245188,0.002463745873565466,0.002085664283210938,0.9124126160086242,0.0021673293969645406,0.0017789437887346094,0.8447848529426026,0.0023943394342251113,0.8974001088815785,0.0050556192414699715,0.003631597998974209,0.0032035375762517,0.8810165959416858,0.8905222069775429,0.8672118173527713,0.0018453907608034727,0.9118575177437804,0.9090511991122588
1.04,0.005056258793119376,0.6036992388186602,0.003237400565517157,0.003927642599448895,0.5022482233852535,0.003664263616031056,0.0033593336424035725,0.5553045892330676,0.004517782998877568,0.004202951793272782,0.6169829597382978,0.004250448382146563,0.003450139376484133,0.007274349692847966,0.0047171853121120285,0.3848319954923488,0.006490455828665975,0.005867707102931573,0.0054450514802662645,0.011929388222270751,0.018730781092010824,0.008668518385365873,0.003619751164013451,0.6133316462938412,0.5858709913255342
2.32,0.003506311719510478,0.8322586694822511,0.00217306717879092,0.0026457142142178357,0.810329391595359,0.002554057838520865,0.0022046533828204537,0.820726741529187,0.003312856854534341,0.0025246715813305692,0.8360352854709696,0.002956003708097905,0.002413194601400429,0.007342345990545394,0.0030804284057122165,0.7946574287751353,0.005502057490508983,0.004490777573575217,0.003815126077020738,0.7335063041885721,0.7725987492303802,0.017318089032811762,0.002299948901283021,0.8351230279324117,0.8270456953390176
1.52,0.0043572488192516745,0.7278393338654938,0.002566741223914306,0.003371420569070657,0.6774486273322698,0.003019372508068396,0.0027028088047060896,0.7021896000164004,0.004189362012219312,0.003613743997825778,0.735209238812815,0.0037628088639970725,0.003154759633038436,0.007145007835100775,0.0036824574118260217,0.6375935893086652,0.0059038867434394226,0.005210807995938537,0.004645162647719315,0.0179380373326042,0.5514555088572082,0.009447422188090963,0.0028076250706932943,0.7334142632382675,0.7179732770250604
-0.72,0.5369736745957548,0.4952110633128834,0.006946139912748326,0.011210210247186608,0.5166589096383957,0.009077455135891073,0.006545602485905217,0.5079907458088458,0.5107747580023541,0.014724848472048132,0.4900639551693151,0.01817471274662224,0.007964697282377822,0.5532999228454045,0.0313898603690313,0.5255419617953412,0.5548271447120655,0.5537256082710869,0.5489634293480815,0.5419643132677117,0.5339069825483969,0.5486271406805409,0.008259778867785488,0.4916159838622798,0.5008602441815799
0.64,0.006505210074353055,0.4268221600117276,0.004148658715319036,0.004504245263303841,0.1582731013592572,0.0041206106477444104,0.0035823321521463642,0.3278651602172342,0.005787205359493939,0.004612706435686906,0.4499142650902884,0.005207483036189465,0.0038810638194386174,0.008302513994810856,0.005542341262300304,0.018212111509316186,0.007497667036081845,0.006677546314298625,0.006086092002834424,0.010722811500922556,0.012754095447572548,0.009113254836105568,0.004135410343942144,0.4441405154201332,0.3922899204633067
1.12,0.004895638285613142,0.6298317576837819,0.0030265990745709397,0.0040646781632065815,0.5416909512232192,0.0037452944101515244,0.003310654018789158,0.5868464329413264,0.00443556782473344,0.003993298039276831,0.6415524862026327,0.004184174053777429,0.0036556636665173205,0.007127592286430955,0.004354436545063959,0.4469949829282793,0.0067412989359878685,0.005944552767386049,0.005021202056863914,0.012308239022313237,0.029175545131232012,0.008092182405189108,0.003493818940898214,0.6384796684601828,0.6134492234321467
-1.84,0.8055334813845434,0.7859603047167795,0.007947119555653597,0.8067494993359752,0.7906845878192573,0.8059531709828023,0.0062514889149691425,0.7885767960260689,0.806898311399728,0.8069570765220576,0.7852837626490294,0.8076114150574849,0.009286401346618066,0.8004203175332502,0.8070781111401982,0.7915913820939908,0.8019850052687204,0.8034833974285285,0.8047344552835418,0.796548987373497,0.7935631603781679,0.7985084309782021,0.011359918378493943,0.7855875991622441,0.7868086715851018
0.56,0.006331253947959351,0.3794832175443384,0.003937636827017825,0.004882136383910425,0.04055440531646118,0.004384408397344246,0.003871823587039139,0.2600134857858769,0.005702403078954642,0.005173158370728499,0.4054805639953536,0.004814413430863089,0.004097641671494784,0.008551547208119748,0.005392913527335086,0.01822100238446286,0.007774911239604503,0.007020488436247185,0.0070105277024700655,0.010503737670444544,0.01300004742911083,0.009992813478042224,0.004272596494982915,0.3993118069526005,0.34025333143539144
-2.64,0.8605860415877072,0.8600098951814448,0.005389363184308065,0.013459754054501895,0.8599779080956101,0.00883737224375492,0.0047502722626877655,0.8604407211195699,0.859484461025375,0.8563913469898727,0.8597469996978409,0.8580072374785087,0.005937033940983831,0.8615898436688527,0.8593920511697911,0.8609904629239215,0.8614682183968642,0.8613018775227982,0.8606108644283658,0.8612688513501163,0.8611211436708952,0.8615375845680023,0.0074738667603238985,0.859880638132642,0.8601182794864137
-1.36,0.748013733972876,0.7048612690826033,0.008195004200393246,0.7490537757424961,0.7139547897486908,0.7465932631807055,0.007425592480527919,0.7106745207841879,0.7491202915155344,0.7503702872809624,0.7029438405690649,0.7504886740941027,0.009827293057319754,0.7349385603304873,0.7504594528972776,0.7189005427371118,0.7396168008438728,0.7425866642607665,0.7452610477981654,0.7274882064511861,0.7232945707378173,0.7317376803753808,0.01235189259620626,0.7034901885374493,0.7075906197525044
-2.08,0.8260462804209829,0.8141294341239165,0.0065422336287041215,0.8248728656780414,0.8164128600501309,0.01484689910183324,0.006467628706731214,0.8158256208559147,0.8263773824884907,0.8259338981745388,0.8135366396388477,0.825963828382792,0.008179777624623982,0.8229700885466994,0.8262270859960005,0.8177550477182873,0.8240106016113621,0.8248340998093913,0.8255421014712848,0.8205770916856329,0.8194111776134532,0.8217575959582301,0.010452098000260342,0.8137412350581943,0.8148791495725548
0.48,0.006590674750905082,0.3273452661969216,0.0039773494222858745,0.004937204453025804,0.02552925268528935,0.004496022727242257,0.003872769366578471,0.17494583616044046,0.006019873920878857,0.005285019512453388,0.3580129329081509,0.005458011874027178,0.0041595290853408415,0.009389590527244076,0.005647986515811189,0.01622257477453359,0.008806191906771553,0.00727979271788438,0.0071249870611124,0.011006862470655876,0.01317720827306734,0.009915662613500137,0.004246456423332184,0.3505635434642123,0.2812616558938425
2.72,0.003354953820021789,0.8618701791421922,0.0021989675862336892,0.0026020748636673124,0.8459999255304459,0.0022993223276215843,0.0020236344642718127,0.8533918523186669,0.003061725744610993,0.0025466488455658806,0.8646640143490811,0.002724022183893201,0.0021879517663251345,0.007231733657912865,0.002859254045290725,0.8354784638155942,0.005117348560798999,0.004191407224267836,0.0036381444632091844,0.7962084744928654,0.8203173352847682,0.7525652583059926,0.0023197600129288673,0.8641898389807455,0.8586955179296843
1.28,0.004593052041914172,0.6743232257736682,0.003001150403703875,0.003666913327464487,0.6050571974030731,0.003467129575570657,0.0029247649381577232,0.6403145630374297,0.00449340157028125,0.003715212850009826,0.6838169035149435,0.0038928318802020773,0.0032336966564427104,0.007224517448722954,0.004168048729944341,0.542103452800606,0.006065819881295813,0.005666727575652078,0.005162798717355195,0.01343015163324069,0.3394852963834685,0.008640337970180928,0.003149056253805668,0.6818949935545124,0.6616496645341766
1.36,0.004833901200700567,0.6938414766413398,0.003005480814221893,0.003362348678981283,0.6320511877821497,0.003347989120769065,0.0027564579482869927,0.6629748549912933,0.004563876937709224,0.0036456762528138467,0.7029287691899617,0.004024355185118603,0.003031692301555107,0.006789775531302779,0.004087279795043072,0.5779079028991089,0.006117706677992777,0.005035484273113787,0.005008721375045886,0.013696147130209226,0.4377747274603293,0.008702634829588217,0.0033663277945483647,0.7006870220891274,0.6819861063594362
3.04,0.003169770532913823,0.8799087196686113,0.0020080832883215913,0.0022144411660327246,0.8665999067776253,0.002112207879811261,0.001884065110880591,0.8728912609454631,0.002906014702707352,0.0023407801163430066,0.8822808123912245,0.002472118281249716,0.001968626961244331,0.00821113875666036,0.002682648848522537,0.8587674984315679,0.005217572412438241,0.0039041858297319968,0.0038648746140668654,0.8291233501294303,0.8470007728012298,0.8012375155608452,0.0022034475132493847,0.8817173889398894,0.877166851836686
-1.76,0.7982911261077884,0.7754483974880693,0.007980839259926405,0.7994512100389833,0.7802222077549713,0.7986090232073888,0.006797837484108867,0.7783214090184892,0.7986804183960243,0.7997686804593932,0.7743200667111619,0.7994939215039819,0.00926979385682868,0.7917695069949086,0.7997259615781951,0.7826499847743257,0.7937367042009068,0.7943370628072578,0.7968974719379537,0.7871597275288883,0.7840687710693767,0.7894211577214144,0.01279950117415685,0.7746156116169449,0.7767852458000909
-2.48,0.8519777346614233,0.8490619671613564,0.0059765958937200115,0.8483531996865962,0.8500328652600291,0.010237130527056012,0.005227118912616342,0.8498205983251688,0.8516934085830943,0.8492916404783658,0.848740255571067,0.8502780661164151,0.006792800506316121,0.8521388819661929,0.8509917697823921,0.8506046815757287,0.8520713273862073,0.8522806105649079,0.8523669061751067,0.8514716888488285,0.8510473323933346,0.8517587189643377,0.007473758898011736,0.8487598948151778,0.8492930204395817
-1.04,0.6801862595732007,0.6205667814564044,0.007831700060925146,0.01819154207291718,0.6364135289621619,0.01246817170920555,0.00726124735915023,0.6299571000327129,0.6812486252429952,0.6729484109730616,0.6169198966615733,0.6790534347860886,0.00939753106055124,0.6676038826701512,0.6811832238660582,0.64235976080325,0.6721088619931276,0.6765558987914287,0.6785531808709321,0.656177833085505,0.6494006690520431,0.6621910197001716,0.010935770417344157,0.6177363706574607,0.6243472731861835
-0.48,0.020652305026375037,0.3634295141835154,0.0064731860443826,0.009058701515800785,0.3820562443315925,0.008103997424738696,0.005733264536735185,0.3752651830943729,0.015503499714150904,0.00938476813260632,0.3580229501154797,0.011225670789074072,0.006699579550693271,0.36647639056592896,0.01362460887603232,0.38739405411461336,0.3200744720321396,0.12854857005498882,0.02993237014902019,0.3901150086665435,0.39026604790740493,0.3838787571026245,0.0067316269559988175,0.3594495490053933,0.3684039349262628
-2.32,0.8422789397694624,0.836388756744172,0.006048718473588272,0.8393053621416653,0.8382452063002747,0.012086248676798108,0.005538317136733625,0.8374172271234286,0.8424585336269116,0.8409526890983748,0.8360933473436329,0.8415862193300334,0.007264244370019999,0.8416194623162452,0.8411950414958999,0.8388542793832194,0.8418793865318934,0.8423145785762214,0.8421297929677517,0.8397883733367175,0.8395081240219321,0.8410196432824801,0.00938917671391979,0.8362636340561187,0.8366221976098203
-4.0,0.9076630808283382,0.9166025964079288,0.0031677200482542536,0.00480245469509615,0.91568021308413,0.004165295929309623,0.003003128301865067,0.9159253052201636,0.9060298814065562,0.0057721014441305535,0.9168788085911632,0.009389740733129658,0.0035710914611010907,0.9125545690409632,0.9044715330245708,0.9152485092665188,0.91154285732637,0.9101560225256388,0.9090759432589344,0.9142337224243672,0.9146225448852702,0.913342636937708,0.003706153456770933,0.9168399001112668,0.9164353204750576
2.96,0.00319440305918243,0.8759430320893192,0.002008207640981549,0.0023718123466352284,0.8621331821232824,0.0022512804039279176,0.0018327745707775718,0.8685302697863067,0.002885227086799515,0.002551503051926374,0.8783102963292413,0.0025435385063894674,0.001959562907241035,0.008277610543781974,0.002697369381912164,0.8533094725450531,0.005466089869108968,0.004097380795248851,0.0035811711154384827,0.8225563012435567,0.8410668462726055,0.790705819971427,0.0019705801564476786,0.8776671491437666,0.8729162298938635
0.08,0.008370675328280496,0.030517100511833206,0.004797777749858339,0.0057611838789662796,0.018131027430991056,0.006016334629194656,0.004558337293010324,0.02229799757542826,0.007890021591295447,0.006461488056348314,0.061561350425138536,0.006785708689827515,0.005145031428907071,0.01168885060010993,0.007000634834951533,0.016995561602759147,0.010348070343943205,0.009891933398303729,0.009221631175557164,0.012369010127880782,0.01485887426802214,0.012127093691002578,0.005389943002841161,0.039569383135281945,0.027098264038671004
1.84,0.004147451543454253,0.7799215545766629,0.0024985639240574327,0.0030963135332494826,0.7451593762911372,0.002811401255157884,0.002504623335003909,0.7617885680072095,0.003716068606910165,0.003023284187625333,0.7853119967407219,0.003268186371717576,0.00280874060226749,0.0066732862756679785,0.0037467032918936578,0.7195705845747072,0.005591107405894145,0.0049375314436680565,0.004149785447220856,0.5624718973351531,0.675894977042304,0.010077444241961568,0.0028599504210394,0.7838304576713192,0.7727175319154693
1.68,0.004037012434959375,0.7560162495944593,0.002665311686804729,0.0032802141725696405,0.7150109561525894,0.003085087109838677,0.002587468302159212,0.7347828093712045,0.003955081324402086,0.003307245420064817,0.762330810199138,0.003634955433842793,0.002751990202700708,0.006856656952047285,0.00396311610311436,0.6831649954014108,0.005474961601659028,0.004992104165072185,0.004779392502272621,0.04004195584656891,0.6237837328744318,0.009506862569837177,0.003087304079636532,0.7607952091160988,0.7471813984054084
-2.24,0.8370579551150891,0.8295367676682578,0.006678764681169304,0.8352830476955032,0.8316692846044315,0.012418453490118938,0.005406534282979724,0.8306495859481248,0.837170406612851,0.8362678943369671,0.8290898738444408,0.8367391073489676,0.007676067549964,0.8357470601083488,0.8372577182241386,0.8323491450368221,0.8362573446601448,0.8367453049377616,0.8368846562566918,0.8338731486355238,0.8333153476220945,0.8350447800302927,0.009495558350052741,0.8292251617374432,0.8292006408049397
-0.64,0.4412761504413687,0.4550414667111034,0.006666847762716763,0.010325324494767087,0.4776986950367199,0.009125670858921749,0.006335915993956001,0.4698891104528218,0.035430930507099265,0.012140327339382409,0.4499009385913805,0.015174110290163781,0.007168618831351828,0.5082559379360824,0.019358614956074487,0.4868479590070439,0.5064427732001192,0.4994833628994987,0.4816563220868002,0.5009749172056472,0.4953265080269107,0.5059260965208353,0.008369160246877984,0.4515304630854025,0.4616749449125879
-3.68,0.8989710807218664,0.9073774681517156,0.0037015348559607717,0.005447049313853346,0.9064852088341468,0.00476543966383055,0.0034689751986900328,0.9064891360188644,0.8977975993270169,0.007422791792485131,0.9075363116296192,0.8946218417249531,0.0038515832886780992,0.903756956887966,0.8963752427549381,0.9063528729917673,0.9029497076321664,0.901260452640366,0.9007923349097736,0.9045330437549004,0.9053292234129742,0.9043350154891416,0.004224737060920374,0.9075159423502992,0.9064393918615816
2.08,0.003847026803793736,0.8090279293681009,0.002423876446008549,0.0027865222271394197,0.7814642830486028,0.002752184659797196,0.0023099771747808104,0.794734748261393,0.0032335461664818625,0.002956884695226421,0.8134523882310937,0.003041020069047957,0.002683671462427477,0.007179966704374236,0.0032896891281072897,0.7628734873312183,0.005459380381871294,0.004450790207264396,0.003873431833739594,0.6720811755915914,0.7320210452292955,0.012456960856745618,0.002588528486244381,0.8123872202913648,0.8034386684895509
-3.04,0.8781599619097429,0.8822703371316402,0.004401247336427673,0.00904551104542971,0.8820253669794621,0.007219582872013401,0.004281028514613079,0.8822916746610366,0.8772884851101461,0.8730624611417818,0.8822727697274634,0.8746225295658214,0.005293503270527975,0.8809302227301917,0.8757455842527432,0.8821805624914292,0.8803517121149662,0.879935327111006,0.8791244180416367,0.8816709851794092,0.8819992258976683,0.8814741621495259,0.005752690311748027,0.8822898101487749,0.8822659959110674
3.36,0.003171793581629407,0.8942403853499911,0.0017858676132640817,0.0021746942121556767,0.8833654785151377,0.0021043095287444865,0.001743565833131491,0.8878774493164779,0.0027198984404025336,0.0022668490485801677,0.8962009097285802,0.002303030055291824,0.0018372714893372245,0.008762086098665326,0.0024248936519405805,0.8767942822643642,0.005132761890525145,0.0041105882699620155,0.0031839501740312287,0.8541560917127293,0.8675875576547628,0.833868475938364,0.0020162359327069238,0.8954742807243531,0.8918780682390259
-2.4,0.8472641048128489,0.8429899811642553,0.0060462099320507424,0.84400753402944,0.8440749800390814,0.010774031631899413,0.005430260281204179,0.8438176587709719,0.8471002559894337,0.8450560384939457,0.8424955392513432,0.8452437293705889,0.007302368883116569,0.8469918302597559,0.8467204083991268,0.8450027010340486,0.8463160084885988,0.8477037055339317,0.8475829292392709,0.8457340331452086,0.8455898486727637,0.8465630143330897,0.008309189080966006,0.8427380783070468,0.842408655533768
0.8,0.005544310786235272,0.5082853911169969,0.003743382169030042,0.004277152932233863,0.34565715088145704,0.004025569347701479,0.003526284095901761,0.43626600330047294,0.0055141171927235826,0.004480254222793719,0.5265349940879973,0.0044244261573164936,0.0037988585513800033,0.007951838901823204,0.004547884458561013,0.0346616881050391,0.0068434686097646,0.005961963838426111,0.0059543521373424686,0.010706107868855752,0.013440266492554394,0.008347607709932073,0.00363827078468764,0.5219104133876652,0.4834854746811704
0.96,0.005288583876504134,0.5746076030740264,0.003420237346098846,0.0041349062559896755,0.4578162408820501,0.0035154225599629877,0.0031840079907502162,0.5203695851862389,0.004757069935781351,0.004245319254644114,0.5897758388459513,0.004190804117619225,0.003444523899260084,0.007444956791152635,0.00473767862067859,0.30086466580249377,0.006540637069624326,0.005914959300259025,0.005493271396682636,0.01066883737759191,0.017138303328163334,0.008936926781829016,0.004020658311874222,0.5861165252283282,0.5546205186947368
-0.16,0.010340452839558312,0.09762874657073316,0.0055359015776608594,0.007249623807633894,0.039019221167436134,0.006271454972935655,0.004960851970647741,0.047989430675643735,0.009263198704107729,0.00797724401072883,0.12888281159509365,0.00831960223144363,0.005377922270577094,0.016834700176738868,0.00859795112142889,0.030432557170869037,0.01376917179749513,0.013131569773685016,0.011402854642575956,0.02062296505943588,0.02468200629792568,0.018172911341679227,0.006382538160845803,0.1203651484816773,0.07093957216832855
-0.08,0.009770957766108614,0.040564413980002434,0.005308126583004137,0.006419187502233952,0.02366024530875153,0.00631377941618873,0.004778997698749515,0.02799632754987137,0.008235713627802331,0.007641936235407947,0.06345567647983241,0.0072578284850399735,0.0052351722657974,0.014077746215565632,0.008445759746291682,0.023066483265215886,0.012630681140223013,0.011446348735135007,0.010371009497330452,0.017367410665938447,0.018707014342872433,0.01470052837881023,0.005595707996513451,0.04859066108712151,0.03570930621702331
0.72,0.005573908408577077,0.4694686926446071,0.003657819427952857,0.0048193754624803065,0.2689159180073704,0.004422457163715413,0.003374735786929832,0.386421455359136,0.005838257097323815,0.004632794414249956,0.4900090684919128,0.004876394021249964,0.003548062763760428,0.008199562753106245,0.0048738380954736855,0.02360632716223309,0.006956076817720901,0.006444701103765225,0.00599654275379453,0.01076905147326536,0.013628326204218172,0.008844134538825751,0.0039879890062922,0.4846871939166372,0.43985241447590656
-0.96,0.6566368994115578,0.5938970648281665,0.007948272353931968,0.015450541265586131,0.6108825730688864,0.0122075116017699,0.006367006282156685,0.6039279883433002,0.6571292570762988,0.6380767387472946,0.5897286980384211,0.6486960465783642,0.008951255708292914,0.6441971822758864,0.6539717218662352,0.6178442227666424,0.6494704658490619,0.6531744354607053,0.6564809702131914,0.6320165772588898,0.6249983653733758,0.6389759802913167,0.00967839334161575,0.5908833206528756,0.5980438429757841
-3.36,0.8896556919619143,0.8961312920891905,0.004221551631759046,0.0072729494386501985,0.8957199437231891,0.0055647877256952295,0.003676282143625307,0.8956949833184843,0.8885217164780186,0.0097033727261195,0.8962084343405575,0.8853609521985473,0.004557181087633893,0.8931335159044426,0.8871943166875403,0.8954960643375192,0.8927941103198654,0.8919157174111767,0.8908641141660273,0.8945918169967318,0.8950509673872493,0.8940303404375645,0.005006117493399514,0.8961779593355399,0.8959939839492741
-1.12,0.7013180140273451,0.6448085741553754,0.0077313742631977345,0.6926119345353435,0.6583022773663042,0.6859325967515525,0.007290961099100751,0.6531108615369133,0.7032584724381458,0.6992038867214692,0.6416696584680179,0.701833382939263,0.008778190487184964,0.6873470244739213,0.7028983425700404,0.664032671748391,0.6921020620816976,0.6951121691602569,0.6991295419606718,0.6762395064524442,0.6707320598819728,0.6818357250610478,0.011125724022960113,0.6424764841927977,0.6478885117688709
1.6,0.004356815388698881,0.7425649358289282,0.002523541694621446,0.003150283326188509,0.6973242192444098,0.003238530692803175,0.0027220940652960754,0.7195985530720276,0.003725797594152344,0.003350879312535641,0.7494295608151887,0.003418468157486799,0.00275794287942281,0.006824685203937585,0.003761429110076899,0.6612950332767512,0.005717607405713505,0.005251247061852955,0.004350917794520882,0.023489605210504017,0.5910101693541039,0.00883421898326337,0.003108919868409391,0.7476182937520972,0.7335106144919307
-0.56,0.03372951399930939,0.4116084619280539,0.00625325424267313,0.009548378947205569,0.4322545593914005,0.00906952821337279,0.005703938201999452,0.4252558375223541,0.020931732314334185,0.011671191279335864,0.4059934783832879,0.013479140868285229,0.007244936121880086,0.4499750272074929,0.01616762270445536,0.4416064273982365,0.4382972705296079,0.4122786905776669,0.3366259123417657,0.452511492904765,0.44773561844158943,0.454185048000869,0.008091150060818921,0.4069624183144144,0.4170259363868746
-1.28,0.7337627519014641,0.6867048365287749,0.007726954073392189,0.7342965110874984,0.6973768987533279,0.7309809150293599,0.007689170302365495,0.6931727043887557,0.7358187026427498,0.7361812988086666,0.6844126508019094,0.7372185758354229,0.009522148384545636,0.7214192650750112,0.7363855443854896,0.7018351636693477,0.725080563714701,0.7285918258427281,0.7314835245506266,0.7120103207296447,0.7072464059477487,0.7169633262061113,0.011662929179688402,0.6849431113011731,0.6898281873629504
-0.32,0.013175037695413243,0.2515476851102332,0.005826024299290249,0.007747200637156158,0.24818642597617374,0.007895020600968923,0.005260381661796279,0.2509259196899476,0.012039826515190772,0.008784778828711015,0.2504567882602217,0.010165302099578765,0.006106582155845385,0.031371059972429546,0.010309957916632584,0.2380036784972367,0.022534381342382212,0.017205167653770132,0.014146126209199585,0.14046149406405822,0.21086524855481006,0.054499349777093815,0.0068689883015652774,0.2507441849152437,0.25209399206621624
1.2,0.0047081680706346,0.6533236039808838,0.003154931583708309,0.003604952104067283,0.5745429945271646,0.0034281330540863234,0.0030024455709279684,0.6148439110025952,0.0047914199753997504,0.0038480577515370477,0.6640483670913808,0.003896638256742225,0.003006599888391798,0.007259383245959807,0.00434827653024911,0.4988086402532705,0.006453647071449539,0.00585116902904679,0.0051701255293600396,0.01224374573743852,0.08383024387467991,0.008510627851132642,0.003244339631733997,0.6614073453630339,0.6387084673439853
1.44,0.004527371714963083,0.7116700316112065,0.002699331820481789,0.00343428243398528,0.6565351765983085,0.0029804541447879898,0.0027596913273051147,0.683641745945438,0.004238646272542521,0.003451902334731,0.7198727088030193,0.003864428407103015,0.0030823904520063746,0.007248206559458006,0.004138165234669334,0.6099688345405169,0.006386200249048567,0.005278035180486113,0.004723600838293179,0.0158289304825727,0.5033320282603622,0.008965018799764133,0.003155253849454089,0.7176344649076178,0.7008106511719827
1.76,0.004361010843060068,0.7683646878087488,0.0024744384283614967,0.0031128701811981487,0.7306286662659335,0.00301412483051651,0.0026742733567339696,0.7489046075120022,0.003889335172149248,0.0033303182622496518,0.7743100838752248,0.0034022561772463,0.002852892709718606,0.0064340851027842,0.003622105658754261,0.702310552922553,0.006069132255875939,0.0048248872085102715,0.004670835666682104,0.4924724224149461,0.6515741815834055,0.009626870077053273,0.002790380701507819,0.7727355775434324,0.7605260161193844
2.56,0.003743066088455701,0.8514962169939624,0.0021472133129604646,0.002533022553584896,0.8328073801787576,0.002374085211554432,0.002026829753678449,0.8415842363588121,0.003214856832533174,0.002605700420673832,0.8544633420588948,0.002894959806199188,0.002198160640410524,0.007322450316463,0.002855057454872696,0.8212058140488516,0.005546088970454353,0.004197618044908379,0.004088667798219784,0.7745509243018902,0.8036131443609813,0.7161224453359736,0.002354469929519534,0.8534563389261938,0.847458950258606
-3.76,0.9015621010797858,0.9098774065163469,0.0033638575581029554,0.005520900813742346,0.9090951785324504,0.0045275443144218,0.0031031646147138213,0.9089888163638058,0.9001080442765649,0.00712309307914723,0.9100372847511928,0.013061361864591472,0.004023799740328279,0.9062783090869664,0.8984752982405854,0.9088093527197592,0.9049518867142496,0.9041592810818864,0.9029077634882102,0.9075832473200899,0.908174514621982,0.9066027967862652,0.003916139114257136,0.9098985904945891,0.9097061931994648
-2.96,0.8749027364088257,0.8780491649364118,0.0045713853286485535,0.009600990366576748,0.8780519549414683,0.007464661009436116,0.00456980035726997,0.8784020339066676,0.8740912059288455,0.8696739095774061,0.8783132649691804,0.8715612538252118,0.00532256529703154,0.8775083536392762,0.8730025084758221,0.8784254076359143,0.8764213057389397,0.8758384331668841,0.876086665054188,0.8778227516775746,0.8782920128874094,0.8778710898432549,0.005668546275496332,0.8783358180840799,0.8779555886307624
3.76,0.002770606115661046,0.908358499076864,0.0015890626999835913,0.0018774193480593144,0.8996694334930018,0.0018075128270321566,0.0016928938657013346,0.9034094155353812,0.002487722277932997,0.0021181198357539802,0.9100286303395152,0.0020274106520421745,0.0016814501674651315,0.8382353141977782,0.0022696015331197736,0.8943844709331791,0.005155788119524849,0.0033559016015601174,0.003302672196664352,0.8772034835850931,0.8868895756230156,0.8625956964688833,0.0018442110093845508,0.9096095924878721,0.9063728183978508
3.6,0.002886289968218921,0.9031849820507396,0.0018624207500635372,0.001927027097594016,0.8936412384950659,0.0020527139094423906,0.0015988241361384846,0.898020119071192,0.0023165686103421915,0.0021547579957739084,0.9047582015896584,0.0023321310090589323,0.0018084809325010194,0.010753221657512621,0.002467867411179973,0.8877295974862871,0.005064264349110013,0.003593566809844494,0.003184760605954392,0.8687902778671747,0.8799495608210673,0.8524032909385886,0.0019168438383593504,0.904466332766612,0.9010762272941518
-3.6,0.8972637198920709,0.9046209825995476,0.003457543070806259,0.006085577620486304,0.9041855189308816,0.004987478958885622,0.003136492126690202,0.9043737539515879,0.8957493977147721,0.007955076947102797,0.9049028754377826,0.8925198499716488,0.004281871686358244,0.9014028499562188,0.8941283980548019,0.9032025299141084,0.9004989906559028,0.8995762653715287,0.8982839886047568,0.9023349804518204,0.9033880068328344,0.9019431782778942,0.0044725037698794545,0.9048851007085702,0.9046553061135112
3.44,0.0027596740399307954,0.8974494397567544,0.0017946905005728976,0.002137821653272497,0.8870624463855498,0.001978243297441736,0.001774370704509979,0.8917588571232259,0.002512292073746012,0.00222367932050867,0.8992436686087418,0.0022082080630565766,0.001836441611277487,0.009677756117654916,0.00255097853112699,0.8805942218299403,0.00523741562074657,0.004105063711608105,0.0033268777069609128,0.8592923754102829,0.8718424946005138,0.8404897134107154,0.0019651194647815726,0.8987656897516361,0.8950422003742471
-2.0,0.8195604543334324,0.8056821890121094,0.0069654897585875244,0.8195370269542711,0.8079703750487447,0.01673978361113804,0.0063372662480673655,0.8074887738303739,0.8201522307767848,0.8202504168846547,0.8047704383529241,0.8204925491938545,0.00938449965503143,0.8159055601836209,0.8203070256100121,0.8101724695143028,0.8169273319537301,0.8181796099460144,0.8182524423546869,0.8131255546278154,0.8115332114830904,0.8142037789624489,0.011006046006371312,0.8049806533624497,0.8059847198039829
0.88,0.0054421366000399285,0.5433658418913841,0.0034002788864792143,0.0041349130900352185,0.40635245008004095,0.004021989192098955,0.003424372975564453,0.4809469599966373,0.005007182266070301,0.0041564931857996,0.5592243099620944,0.004600524041630035,0.003437313126309359,0.007280987771832506,0.005155300980156601,0.16377307285189674,0.00651211934335265,0.0062189512840941045,0.005499194679767124,0.010994028640685577,0.014698228195601225,0.00872838096675872,0.003383478158690645,0.5554420476792169,0.5203222492374344
-2.56,0.8561827391535889,0.8545655346588937,0.0054511615935667465,0.8522838105836535,0.8556283439775462,0.009983948350995892,0.004935360151737069,0.8551772038350428,0.8557285645920222,0.8531032525507294,0.8544042994852791,0.854229797164093,0.0062180214005259325,0.8568269150364062,0.8551778713893874,0.8559771871312842,0.8569698326768862,0.8569854081753713,0.8567830925111459,0.8561245122209773,0.8562245877073195,0.8567456578386956,0.007627015660430879,0.8545642530445016,0.8550134887209198
2.88,0.0031969660562282854,0.8715484992656392,0.0019999099719335885,0.002231291978011637,0.8571949000580065,0.0024775163786202245,0.0019341283606275198,0.8636981620723794,0.0032818780945060018,0.0024781488679146107,0.8740937144270546,0.0026049574137662892,0.002022585331093596,0.007793765711060096,0.002665219497242272,0.8478822276524641,0.005202629340705048,0.004161798042608601,0.0035614132533368227,0.8144341879520468,0.8342975682740105,0.7797924697506348,0.002274907802583027,0.8731399623277845,0.8684321140476843
-3.12,0.8808534415342782,0.8859753290275303,0.0045634418323722,0.008225132939623745,0.8858722652953251,0.006140167142470476,0.0042661322099158405,0.885967708768259,0.8803216015265508,0.8756997973069189,0.8860742329299836,0.8774101705820717,0.005180752940599504,0.8844234297896011,0.8783985956000541,0.8855288044048684,0.8836623911021404,0.8831428364766825,0.8819068404062859,0.8851820371220526,0.8854963424012093,0.8848490928344644,0.00585530516474809,0.8860369870955022,0.8857300638739981
3.2,0.00307483828879722,0.8874346433305341,0.0018717294702591558,0.002185656388636846,0.8752721497657698,0.0021931477936282984,0.0017975802834772786,0.8807891954983617,0.0030143178351824565,0.0023606044613341927,0.8896283906021605,0.0025371289394226287,0.0018763944929508505,0.008192188376654055,0.002712293295594693,0.8683083228412735,0.0052385010286385295,0.004005707685575714,0.0032929379363610045,0.8431183754898556,0.8579466176581834,0.8192625618184642,0.00198923467180272,0.8890621417173921,0.8849042426916476
2.8,0.003192729932669032,0.8669382414984483,0.0020360026290633347,0.002341031271438582,0.8512924583745927,0.0022976168828201245,0.0019750103240887976,0.8586015475456612,0.0030445191876918728,0.002376853029362055,0.8696383295786476,0.0027346662621363627,0.002185980232689472,0.008055546721213369,0.0028857799196978983,0.8419117606360871,0.00496442622480403,0.004007110825874246,0.003938608993038808,0.8060614001061832,0.8272644296205526,0.7670094747689021,0.0020946389573023774,0.8689751772144014,0.8636440029886806
-3.28,0.8871088614063529,0.8929707725748621,0.004060479303391669,0.006881153350421767,0.8922437930932873,0.006236069485097745,0.0036041766014707783,0.8927427508918208,0.8859862529207595,0.011045793623614584,0.8930002286248251,0.8829356314258844,0.004760228542095795,0.8905766117682798,0.884359540182501,0.8915619332428398,0.8887371271029066,0.8891161510126822,0.8880564287987543,0.8916144145614796,0.8919041204782849,0.8910713454106796,0.0049828984419146355,0.8929262259394798,0.8928399457066829
2.24,0.0037313054007956227,0.8250257057159244,0.002313368076446595,0.002637667149226615,0.8013248469596015,0.0027232522604151463,0.002381349222360071,0.8126311819662597,0.0033204229588539628,0.0028583175334899345,0.8290860370436135,0.003025043557148685,0.00230345318689446,0.006867094913063396,0.003009076622753076,0.7856177623955908,0.005266532426465146,0.004421822592034574,0.004123056440265156,0.715955428722102,0.7608286755393775,0.013163742032463002,0.0024931170088888085,0.8281544632597584,0.8201509399525581
-3.92,0.9053799225731906,0.9145632361661532,0.003309776130602481,0.004971444130280172,0.9137296108842904,0.004357126059692254,0.002955012166562986,0.914070377124644,0.9041386652873064,0.0070462686761988014,0.9146958732205072,0.010614632963777342,0.003501147804305555,0.9104050172300948,0.9022810968973982,0.9131538341252108,0.9094674354674724,0.907287809978146,0.9070857369739396,0.911970614615074,0.9127476546476936,0.9113271814659836,0.003918146439465409,0.9145253376364748,0.9142972745658514
2.16,0.0036954467627726578,0.8173737582709377,0.002474342578478194,0.002767537232334485,0.7920728549913858,0.002669588939818004,0.002412466569635786,0.8039738427468073,0.0034364082561968053,0.003167730524568492,0.8215596244472502,0.00326150181835147,0.0025782389190874195,0.007300880457653414,0.003297507950164395,0.7745425433177606,0.005379727507206789,0.004721172226061171,0.004188243695742607,0.6953607604268449,0.7472254674003932,0.01254224932576674,0.002476539728569989,0.8205951825860514,0.8121699552415533
-0.4,0.01618128042547419,0.30974071983402096,0.006082353907600682,0.008512453261525313,0.3205699530233431,0.007964956206759665,0.005377893364394685,0.3200952975235385,0.012701488489683848,0.009298315846249941,0.30609713841802466,0.01042358912802689,0.006725136740715355,0.1886707507104133,0.010916721085974744,0.32274530205054497,0.04462871317903384,0.024309981659078057,0.01803685735213476,0.3053564713346857,0.31773376074135123,0.2697674018791718,0.006801121369243253,0.30692691265985805,0.3135617026251004
-2.72,0.8644137991037535,0.8649788799926594,0.005093361834872819,0.011808627444842144,0.8655000944922872,0.008475912765145293,0.00467097102057668,0.8651887920179331,0.8636962035540661,0.8602625352623399,0.8648578136004466,0.8617761216953947,0.006019926452549247,0.8658340443678125,0.8627035422710453,0.8657010643827123,0.8657467143228931,0.8653986867502964,0.8648700277533458,0.8658004245211354,0.8656988069051877,0.8657755936363596,0.006684746356351504,0.8648973994289071,0.8651474544347221
0.32,0.006584654981533873,0.208136543883837,0.004597409076458017,0.005569930309773536,0.01943914396580182,0.005162676147790601,0.004283355143190265,0.030944980787037862,0.006431258996720347,0.005202614128967615,0.250396487493291,0.005889673501208112,0.0048197668138262725,0.00932870454437513,0.005985954998709138,0.014301861985357937,0.009305721654806243,0.008426676832237719,0.007350389109001723,0.011391753021346226,0.0129828014775321,0.01029401370292952,0.004914879424744016,0.23985388917150186,0.12284967737652995
3.12,0.002980498479212865,0.8839099307950142,0.0018353965039742594,0.002203773807665669,0.8713696372075159,0.0021375802751526407,0.001848948171832268,0.8766160555374289,0.0028983988771585875,0.0022954885324626877,0.8859703393927473,0.0026646273003641465,0.0020976761581784405,0.008571582762216229,0.002667627988233086,0.8628194217082508,0.005208645587994988,0.004052027716179575,0.0033142087659237657,0.836718928691477,0.8526288305594436,0.810632858645385,0.002021022495770732,0.8854679258766575,0.8807238322480241
3.28,0.0029575374794217984,0.8907868519988867,0.0018270364716067523,0.002168993979447477,0.8796608212941812,0.002136572025838899,0.0018264860176483509,0.8847972058519314,0.0027864381608814427,0.002319822880994184,0.8929939582116311,0.002448794755606739,0.0018052470864200608,0.00890955766005692,0.002497449062815481,0.8713035709727099,0.005255166230049268,0.0039003109519968287,0.003481615068717237,0.8487509951917529,0.8628527746463099,0.8264759575028915,0.0020840641890503514,0.8924812480757246,0.8880921748499802
2.48,0.003573547553985741,0.8453718662717953,0.002121808018856596,0.002606651266071808,0.8260262736871635,0.002584400721800704,0.0021319275415267245,0.835170493773136,0.0032648837435242106,0.0027331522781139034,0.8485410749368314,0.0029296088527732875,0.0023130528673757284,0.0074799018560143355,0.0028678659696009068,0.8133550525094558,0.004999258319876564,0.004297617630357364,0.004143390894237462,0.7628900537603751,0.7940241226337268,0.6916709352577584,0.002424897096146432,0.8479470286685014,0.8413789577482188
-0.88,0.6279387820368575,0.5640601787024477,0.007435422176603878,0.013878126717454076,0.5826056078604858,0.011790395483157726,0.00663238255493783,0.5752835609350018,0.6247978561354688,0.01981537467439796,0.5596908819700405,0.6060450845247015,0.008463313951029009,0.6185648479909901,0.6184105681354196,0.5905444405796849,0.6236686535510315,0.6270693784720983,0.6283237164282837,0.6060938569190227,0.598225562063856,0.6128734373988576,0.009450907962997926,0.5606548361850141,0.5688289084060058
0.0,0.009155290806133549,0.03103338731837693,0.00452086360493046,0.006375467469357268,0.02082335043770936,0.005735317605034805,0.004713489655404666,0.02340923300441429,0.00798458978843755,0.006381317278866872,0.01869503456750434,0.00740884045300612,0.005536398143794063,0.011666727309044585,0.007503282187200584,0.018967194353217944,0.01161269927190473,0.010431453807829654,0.009696267848364292,0.014658718697317647,0.016860193062983822,0.014108839533289752,0.005861107595109282,0.030784203471813695,0.02584434228538416
3.92,0.0027777203130963045,0.9132215377697124,0.001715133762333273,0.0019217352433355452,0.9051193024693788,0.0016809846120108556,0.00150372591012352,0.9084015058996238,0.0023791589349153137,0.001971683715946461,0.9146909308247784,0.0021596295273418305,0.0016247203002921818,0.8509713795424753,0.002279550370369704,0.8996505987596218,0.004805180696181913,0.0036846828669779507,0.003030604341975718,0.8846806756581165,0.8936762973869303,0.8716498980310758,0.0017276559207302488,0.9139353243682258,0.9113853210218729
0.16,0.00741419946224252,0.0497343096867322,0.004652745864116125,0.005678314922909096,0.01832644311399772,0.005333483628745804,0.004104082796954968,0.022689260466058674,0.0070426036203601345,0.005940779723398822,0.1286862240949503,0.0065707918282838,0.004881890280901573,0.010397792823711552,0.0067983427530520345,0.014987221145428596,0.010052423824018315,0.008741211838145599,0.00907209691409834,0.013280210250909188,0.014094849306310109,0.011692967948730598,0.005260601304104409,0.10452547159624964,0.02831453772712982
0.4,0.0069037838437612156,0.27077855181938343,0.004097598116954538,0.005226460580457349,0.0209945387078072,0.005119772585221183,0.00394096346794893,0.05272497863496926,0.006563115568015893,0.0053587291591459035,0.3059043167584982,0.005485912353031388,0.004214317338824747,0.009494564675959395,0.0057658735816110964,0.015204051265628744,0.008350307667234567,0.007828484743074555,0.007504718451794794,0.01154442075344134,0.013189843368784222,0.009345018115886438,0.004450561161423957,0.2973701703338329,0.21182361714248407
2.0,0.003995657488496021,0.8000448450289861,0.002455342787291401,0.0028704573159305797,0.7709259885523474,0.0029168466650261768,0.002363303188065781,0.7844050010963325,0.0037940829684848312,0.003102918739368825,0.8047304727107525,0.0029830206547114173,0.002517828800762188,0.007072342541744538,0.003184285013760485,0.7497329655405887,0.005577622622022156,0.0047055893381636425,0.004308704955783636,0.6437965086021095,0.7150486546108588,0.01177636477277683,0.002581492009644212,0.8035634606353546,0.7939727182825951
-3.84,0.9038008491483046,0.9122486612635394,0.003188289083843938,0.005376483506720309,0.9114470799131752,0.004585564209000631,0.003027505134746822,0.9117841553260116,0.9022324862330257,0.006724612342433782,0.9124159071208208,0.011332382183579721,0.003676170403593457,0.908338088010386,0.9001001847139595,0.9102957676792214,0.9074581581482346,0.9062418717518084,0.9051788597615456,0.9097572489571664,0.910531485413078,0.9091915227025512,0.0040341491186733315,0.9123729611458468,0.9118541385475071
-0.8,0.5897843910365367,0.5311621971420856,0.007358857402921028,0.0126285127670256,0.5511893925999681,0.0105684235330546,0.006979514412686556,0.5443687238347502,0.5804667246632473,0.0171145076474292,0.5265669327324911,0.025120166888745844,0.00787633289462338,0.5885353518984578,0.5646564160033591,0.5603763946690171,0.5921533128438436,0.594400058568948,0.5942964047738161,0.5764836399748345,0.5681430443878951,0.583395114371597,0.00916064703355551,0.527858282470394,0.5367896790021945
1.92,0.003964247601648296,0.7902259803751788,0.0025476867646223146,0.002981206603927896,0.7587943080145085,0.0027803053489036,0.002438877339198075,0.7736606409043789,0.003672567489448704,0.0030434611790108104,0.7954653675246428,0.00326570054056266,0.0025444761357359025,0.007196789650470338,0.0034346792296570763,0.7354984663285278,0.005487727877076288,0.0047330208039654655,0.004483113302027634,0.6088541636863012,0.6964499971470657,0.009950234273752332,0.002659541450878704,0.7940939113339579,0.7838526609237474
-1.2,0.7185645022959716,0.6668839624639503,0.008195507595738779,0.7162194543786387,0.6788003690054802,0.711082394725483,0.007582432528062516,0.6742727923515649,0.7203190842283839,0.7186090520201073,0.6640595075346721,0.7209240213626357,0.010273289103699016,0.7054681511777945,0.7212569081314373,0.6844085802287558,0.7093939626548833,0.7131209764606515,0.7158108324293415,0.6946069319794358,0.6898372424879614,0.7000235263132951,0.011652324702187309,0.6645104002279101,0.6699326754125027
-0.24,0.01212361610349305,0.1858281150554544,0.005557656942030508,0.0076346695009844095,0.13448505135576036,0.006735793904866937,0.005183457450217653,0.16511296589053406,0.0104288702547738,0.007763583224227951,0.19117602912591988,0.007854746705073313,0.005939541296630479,0.01865350765504786,0.00985002529224171,0.07966781436979445,0.017088487441112767,0.014256639837155034,0.012691321057699649,0.03085826720379118,0.04464772166958899,0.024598027338376027,0.006135392302609843,0.18970924999854616,0.17928364205594235
3.68,0.0027585706131715675,0.9059186793506708,0.0017274921028203306,0.0020546839446008184,0.8958037400188901,0.001907910840424152,0.001624808596659649,0.9003011353641135,0.0027558544782398933,0.00202371774025964,0.9074413451951902,0.0022104345360816173,0.0017673810419665855,0.01260543405858052,0.0023980849504607843,0.8911582405030827,0.004835543431126853,0.0037545432506305276,0.003079999372727517,0.8726018218853407,0.8835576831192592,0.8571140531024342,0.001840666293103636,0.9070956555417228,0.903752134400297
-3.52,0.8946795747620409,0.9017472754694152,0.0038801121854023907,0.006135872424840314,0.9015282870347436,0.004965877279307091,0.003660199692264436,0.9016830124501028,0.8935133036121553,0.008743872915365884,0.901804574829066,0.8900814760091631,0.004205690864891447,0.8988395293923124,0.8908781699910946,0.9011412497551156,0.8980432508244498,0.8968432488234467,0.8959822319767751,0.9001280286161437,0.9003798856496674,0.8995958218149883,0.0048984855325323795,0.9017324018010341,0.9018539114344188
-1.92,0.8132756021510571,0.7962605081164221,0.007670180862469866,0.8128036335899937,0.8000019415393584,0.8118504990563766,0.006677882853565133,0.7986209191244604,0.8135973265405331,0.8139262423213989,0.7953061476606591,0.8143852569898699,0.009439927427593895,0.8085993249345844,0.8139229982643473,0.8014612533010278,0.8099224989382456,0.8112001776541196,0.8121452429293361,0.8050170241989288,0.8032577858880886,0.8067033426490073,0.011685542018892657,0.7956144783002429,0.7968334409118899
-1.52,0.7706519779869481,0.7368944850914022,0.008045425229710372,0.7729648139828774,0.7442452672661739,0.7716770794108595,0.0071252612165604344,0.7413968052689371,0.7715182121318058,0.7730951444759425,0.7352910540614528,0.7734846869481892,0.010249014627005944,0.7610668278659544,0.7731703307535714,0.7469216346765293,0.7640062319130433,0.7665791543435948,0.7685008861838946,0.754462263980042,0.7508862351797023,0.7577473922907959,0.01240100780103279,0.7357919480550661,0.7387527033937793
-2.8,0.8681791323701363,0.8696915987087559,0.005024926372220693,0.011608770401412134,0.8700731817626136,0.00763844524858906,0.004511784965028914,0.8699463583882288,0.8672890636819199,0.8639518636988638,0.8693665992463712,0.8649592840106659,0.0055262105450030454,0.8698426783489156,0.8664121619648965,0.8700021665250987,0.8697291258485323,0.8687099794233805,0.8688964179326563,0.8696316458847464,0.8693887162023658,0.8701251930479162,0.006660962055555084,0.8696279820349039,0.8698680440411884
-1.6,0.7800376254588485,0.7509614552368764,0.008190798718119577,0.7824134781223311,0.7575047843396524,0.7816642867777879,0.006869931582207654,0.7547889219446289,0.7811517092242168,0.7829126181344729,0.7494350345251557,0.7837005753898977,0.009972632391612704,0.7720907614188398,0.7828466894479331,0.7597329442226811,0.7746029031645941,0.7769550482830851,0.7780629170658367,0.7661209154183083,0.7632366685092666,0.7691302081171292,0.013472910995942174,0.749812155674622,0.7525836001570545
0.24,0.0074835881656955235,0.1314201169285646,0.0042686186782226855,0.005574032733689259,0.018070945150971605,0.0054089896292233795,0.004635778165171411,0.02263913180274842,0.0068706603403125704,0.00602364764622654,0.19131549855528288,0.0060305651456011924,0.0044649240935619935,0.009767151208635149,0.006532115960848036,0.015794622501298934,0.009411916248491263,0.008528382613078976,0.00759469252574583,0.011420796753760766,0.01257538093863292,0.011153047551755413,0.004978433333365086,0.17925098581218746,0.043231808753709966
-1.68,0.7897435750205786,0.7636447315512813,0.007708370606384412,0.7910632311726079,0.769050973829553,0.7898251124861774,0.0074028766829211294,0.7671167108661192,0.7908847467674811,0.7912802448108176,0.7623721124451083,0.7911523407132987,0.009675498977380109,0.7821667282858124,0.7913453589630347,0.7719321655770793,0.7843580690857673,0.7863189739488163,0.7881700179589587,0.7768996237421238,0.7744710660033368,0.7796698973266328,0.012387059935379596,0.7627405042328141,0.7650705767915632
-2.88,0.8717202716483728,0.8741859123221971,0.004629926452205364,0.010297251859093871,0.8743421921547405,0.008008471888518142,0.004418141640938622,0.874230023158697,0.8707120936729777,0.8671765234062785,0.8741039355114624,0.8686147238985324,0.00579420524009695,0.8739012903236717,0.8690200672382469,0.874296211932109,0.8736296410604051,0.8728318631603048,0.8723132394418498,0.8741905956641101,0.8743769003914381,0.8738895033626461,0.006069684944009948,0.8741495752780005,0.8741751191534541
2.4,0.0036148857142327007,0.8386805710691185,0.002241180226161291,0.002721117638502152,0.8185432484752698,0.002527402772965593,0.0022324187777203225,0.8276664817998007,0.003453112915853861,0.0028171177228727673,0.8426468773687414,0.0028959597791068307,0.002339626228334893,0.007890636354649708,0.003190357098336655,0.8049109693585296,0.005421336101057501,0.004629623466503896,0.003768511356794693,0.7490124437993569,0.7840031423287568,0.020838414593171255,0.002375045252298044,0.8417384900060992,0.8348553577043577
